Datum;FCR-N Pris (EUR/MW);Total;SE1 FCRN;SE2 FCRN;SE3 FCRN;SE4 FCRN;DK2 FCRN;FCR-D upp Pris (EUR/MW);Total FCRD upp;SE1 FCRD upp;SE2 FCRD upp;SE3 FCRD upp;SE4 FCRD upp;DK2 FCRD upp;FCR-D ned Pris (EUR/MW);Total FCRD ned;SE1 FCRD ned;SE2 FCRD ned;SE3 FCRD ned;SE4 FCRD ned;DK2 FCRD ned;
2021-01-01 00:00:00;20,249435166666666666666666667;240;156,50000;70;12;1,20000;0,30000;20,324006234337216970762805012;454,90000;234,50000;155,70000;0,90000;0;63,80000;0;0;0;0;0;0;0
2021-01-01 01:00:00;19,887221678236014699877501021;244,90000;156,20000;67,90000;12;1,20000;7,60000;20,494502660228270412642669008;455,60000;239,50000;151,70000;0,90000;0;63,50000;0;0;0;0;0;0;0
2021-01-01 02:00:00;19,904164325203252032520325203;246;156,40000;67,90000;12;1,20000;8,50000;20,490282665058126782189076552;455,90000;239,50000;151,70000;0,90000;0;63,80000;0;0;0;0;0;0;0
2021-01-01 03:00:00;19,8615328;245;156,60000;67,90000;12;1,20000;7,30000;20,507564903381642512077294686;455,40000;244,50000;150,20000;0,90000;0;59,80000;0;0;0;0;0;0;0
2021-01-01 04:00:00;19,870956775510204081632653061;245;156,30000;67,90000;12;1,20000;7,60000;20,791780849702052527035974399;453,10000;233,70000;155,60000;0,90000;0;62,90000;0;0;0;0;0;0;0
2021-01-01 05:00:00;19,974727244389027431421446384;240,60000;155,60000;64,30000;12;1,20000;7,50000;20,767812593082176690901079533;453,90000;234,50000;155,60000;0,90000;0;62,90000;0;0;0;0;0;0;0
2021-01-01 06:00:00;19,66637896280087527352297593;228,50000;156,20000;66,90000;4;1,20000;0,20000;20,747647559576345984112974404;453,20000;234,50000;155,20000;0,90000;0;62,60000;0;0;0;0;0;0;0
2021-01-01 07:00:00;19,610539816272965879265091864;228,60000;156,30000;66,90000;4;1,20000;0,20000;20,509759666740233943941734716;453,10000;219,50000;169,80000;0,90000;0;62,90000;0;0;0;0;0;0;0
2021-01-01 08:00:00;19,631454191852825229960578187;228,30000;156,50000;66,40000;4;1,20000;0,20000;20,640795873153779322328410078;460,40000;219,50000;169,80000;0,90000;0;70,20000;0;0;0;0;0;0;0
2021-01-01 09:00:00;19,868398369704749679075738126;233,70000;156,50000;71,80000;4;1,20000;0,20000;20,644978831450912250217202433;460,40000;229,50000;159,80000;0,90000;0;70,20000;0;0;0;0;0;0;0
2021-01-01 10:00:00;19,750812636815920398009950249;241,20000;156,50000;79,30000;4;1,20000;0,20000;20,783494124017838182204289658;470,90000;249,60000;150,20000;0,90000;0;70,20000;0;0;0;0;0;0;0
2021-01-01 11:00:00;19,905429425632233176168024003;233,30000;156,60000;71,30000;4;1,20000;0,20000;20,957507845468053491827637444;471,10000;249,80000;150,20000;0,90000;0;70,20000;0;0;0;0;0;0;0
2021-01-01 12:00:00;19,876592813299232736572890026;234,60000;157,90000;71,30000;4;1,20000;0,20000;20,375826971999131756023442587;460,70000;255;134,60000;0,90000;0;70,20000;0;0;0;0;0;0;0
2021-01-01 13:00:00;19,622919737991266375545851528;229;157,70000;65,90000;4;1,20000;0,20000;21,968363411024787273399926008;540,60000;303,70000;164,80000;0,90000;0;71,20000;0;0;0;0;0;0;0
2021-01-01 14:00:00;19,69612434782608695652173913;230;156,70000;67,90000;4;1,20000;0,20000;22,251670781676058898382112343;550,10000;304,90000;170,20000;2,90000;0;72,10000;0;0;0;0;0;0;0
2021-01-01 15:00:00;20,20555553903345724907063197;269;177,80000;85,80000;4;1,20000;0,20000;23,958558051443375277572168764;540,40000;309,40000;156,90000;2,90000;0;71,20000;0;0;0;0;0;0;0
2021-01-01 16:00:00;20,271842156133828996282527881;269;177,80000;85,80000;4;1,20000;0,20000;24,071903648498331479421579533;539,40000;309,40000;156,90000;2,90000;0;70,20000;0;0;0;0;0;0;0
2021-01-01 17:00:00;20,41663295539033457249070632;269;177,80000;85,80000;4;1,20000;0,20000;26,200293643769968051118210863;626;315,10000;225;2,90000;0;83;0;0;0;0;0;0;0
2021-01-01 18:00:00;20,293938959107806691449814126;269;168,20000;88,90000;7,60000;1,20000;3,10000;26,002121287325812873258128733;602,80000;305;224,70000;2,90000;0;70,20000;0;0;0;0;0;0;0
2021-01-01 19:00:00;20,098891636141636141636141636;245,70000;166,60000;70,10000;7,60000;1,20000;0,20000;26,11370585083151352259365026;595,30000;299,80000;229,70000;2,90000;0;62,90000;0;0;0;0;0;0;0
2021-01-01 20:00:00;20,083323090682196339434276206;240,40000;166,20000;65,70000;7,60000;0,70000;0,20000;23,62438;528,60000;300,60000;161,60000;2,90000;0;63,50000;0;0;0;0;0;0;0
2021-01-01 21:00:00;20,180717843866171003717472119;269;166,70000;93,30000;7,60000;0,70000;0,70000;22,488294992716678805535324108;549,20000;304,70000;175,20000;4,90000;0;64,40000;0;0;0;0;0;0;0
2021-01-01 22:00:00;20,143567427184466019417475728;247,20000;166,50000;75,70000;4;0,70000;0,30000;22,443927438016528925619834711;544,50000;304,70000;170,20000;4,90000;0;64,70000;0;0;0;0;0;0;0
2021-01-01 23:00:00;20,23530837018837018837018837;244,20000;168,60000;70,60000;4;0,70000;0,30000;22,398077866985118500826749954;544,30000;304,50000;170,20000;4,90000;0;64,70000;0;0;0;0;0;0;0
2021-01-02 00:00:00;20,271499252136752136752136752;234;151,50000;77,40000;4;0,80000;0,30000;22,031408945645055664702030124;458,10000;243,60000;141,60000;4,90000;0;68;0;0;0;0;0;0;0
2021-01-02 01:00:00;20,04180283319705641864268193;244,60000;156,50000;83,10000;4;0,70000;0,30000;21,930775517316488782400348508;459,10000;248,60000;136,60000;4,90000;0;69;0;0;0;0;0;0;0
2021-01-02 02:00:00;19,876163326588425738567381627;247,10000;156,50000;77,30000;4;0,80000;8,50000;21,981707757759930540481875407;460,70000;248,60000;136,60000;4,90000;0;70,60000;0;0;0;0;0;0;0
2021-01-02 03:00:00;19,952612732510288065843621399;243;156,40000;73,30000;4;0,80000;8,50000;21,933223909268504449750379857;460,70000;248,60000;136,60000;4,90000;0;70,60000;0;0;0;0;0;0;0
2021-01-02 04:00:00;19,888893893442622950819672131;244;157;73,30000;4;0,90000;8,80000;21,995308749719919336768989469;446,30000;258,60000;126,60000;4,90000;0;56,20000;0;0;0;0;0;0;0
2021-01-02 05:00:00;19,921531007431874483897605285;242,20000;156,40000;72,30000;4;0,70000;8,80000;21,966146981850773022630517589;446,30000;258,60000;126,60000;4,90000;0;56,20000;0;0;0;0;0;0;0
2021-01-02 06:00:00;19,281630476804123711340206186;232,80000;156,70000;66,50000;0;0,80000;8,80000;22,332206872197309417040358744;446;258,70000;126,50000;4,90000;0;55,90000;0;0;0;0;0;0;0
2021-01-02 07:00:00;19,147845881147540983606557377;244;157;76,50000;0;1,70000;8,80000;22,445473212816626975535830266;461,90000;248,20000;137;4,90000;0;71,80000;0;0;0;0;0;0;0
2021-01-02 08:00:00;19,657704702602230483271375465;269;156,80000;111,20000;0;0,70000;0,30000;23,453530119539230602043034123;460,10000;248,20000;137;4,90000;0;70;0;0;0;0;0;0;0
2021-01-02 09:00:00;19,590867189591078066914498141;269;161,20000;102,90000;4;0,60000;0,30000;22,622443206521739130434782609;460;248,20000;137;4,90000;0;69,90000;0;0;0;0;0;0;0
2021-01-02 10:00:00;19,629236138996138996138996139;259;163,60000;89;4;1,70000;0,70000;25,697829610441767068273092369;498;260,80000;164,90000;4,90000;0;67,40000;0;0;0;0;0;0;0
2021-01-02 11:00:00;19,572446108108108108108108108;259;163,40000;89,20000;4;1,70000;0,70000;25,055038811031664964249233912;489,50000;255,10000;160,90000;4,90000;0;68,60000;0;0;0;0;0;0;0
2021-01-02 12:00:00;19,606152138996138996138996139;259;157,90000;95,60000;4;1,20000;0,30000;25,148940541538461538461538462;487,50000;258,40000;155,90000;4,90000;0;68,30000;0;0;0;0;0;0;0
2021-01-02 13:00:00;19,643915459459459459459459459;259;158,30000;94,70000;4;1,70000;0,30000;26,21536377049180327868852459;561,20000;331,90000;161;0,90000;0;67,40000;0;0;0;0;0;0;0
2021-01-02 14:00:00;19,625836969111969111969111969;259;157,70000;96,40000;4;0,60000;0,30000;26,754194767063921993499458288;553,80000;332,20000;146,30000;4,90000;0;70,40000;0;0;0;0;0;0;0
2021-01-02 15:00:00;19,68272916988416988416988417;259;163,10000;90,40000;4;1,20000;0,30000;30,167573999641769657890023285;558,30000;338,90000;144,10000;4,90000;0;70,40000;0;0;0;0;0;0;0
2021-01-02 16:00:00;19,92759546096654275092936803;269;168,10000;86,90000;12;1,70000;0,30000;37,206246986624704956726986625;635,50000;323,90000;236,30000;4,90000;0;70,40000;0;0;0;0;0;0;0
2021-01-02 17:00:00;19,993119085501858736059479554;269;167,90000;87,10000;12;1,70000;0,30000;38,548089023112480739599383667;649;327,40000;246,30000;4,90000;0;70,40000;0;0;0;0;0;0;0
2021-01-02 18:00:00;19,972773866171003717472118959;269;168,30000;86,70000;12;1,70000;0,30000;39,11761805627376425855513308;657,50000;336,90000;245,30000;4,90000;0;70,40000;0;0;0;0;0;0;0
2021-01-02 19:00:00;19,675562579925650557620817844;269;167;100,50000;0;1,20000;0,30000;34,67591965485362095531587057;649;333,50000;233,20000;11,90000;0;70,40000;0;0;0;0;0;0;0
2021-01-02 20:00:00;19,661567843866171003717472119;269;167;100;0;1,70000;0,30000;31,41378187027707808564231738;635,20000;330,50000;222,40000;11,90000;0;70,40000;0;0;0;0;0;0;0
2021-01-02 21:00:00;19,642020780669144981412639405;269;162;104,60000;0;1,70000;0,70000;27,683052329144431055259080737;580,90000;313,80000;184,80000;11,90000;0;70,40000;0;0;0;0;0;0;0
2021-01-02 22:00:00;19,660184211895910780669144981;269;162,20000;105,20000;0;0,90000;0,70000;25,41211190635451505016722408;568,10000;313,70000;179,10000;4,90000;0;70,40000;0;0;0;0;0;0;0
2021-01-02 23:00:00;20,120315838297872340425531915;235;161,40000;72,60000;0;0,70000;0,30000;24,975101904929577464788732394;568;313,70000;179;4,90000;0;70,40000;0;0;0;0;0;0;0
2021-01-03 00:00:00;20,132650447698744769874476987;239;161,80000;75,80000;0;1,10000;0,30000;21,95119463303745399437107599;461,90000;265,10000;119,10000;5,90000;0;71,80000;0;0;0;0;0;0;0
2021-01-03 01:00:00;19,756039668556476232010466638;229,30000;156,70000;71,20000;0;1,10000;0,30000;22,65800;492,90000;265,40000;150,10000;5,90000;0;71,50000;0;0;0;0;0;0;0
2021-01-03 02:00:00;19,679832845699831365935919056;237,20000;156,40000;71,20000;0;1,10000;8,50000;22,65801;493,70000;265,40000;150,90000;5,90000;0;71,50000;0;0;0;0;0;0;0
2021-01-03 03:00:00;19,661101978947368421052631579;237,50000;156,70000;71,20000;0;1,10000;8,50000;22,72257;475,80000;265,40000;150,10000;5,90000;0;54,40000;0;0;0;0;0;0;0
2021-01-03 04:00:00;19,718651691394658753709198813;235,90000;155,70000;70,30000;0;1,10000;8,80000;22,89958;468;275,40000;150,10000;5,90000;0;36,60000;0;0;0;0;0;0;0
2021-01-03 05:00:00;19,639915636822194199243379571;237,90000;156,80000;71,20000;0;1,10000;8,80000;23,05498;456,80000;275,50000;160,40000;5,90000;0;15;0;0;0;0;0;0;0
2021-01-03 06:00:00;19,380695703422053231939163498;236,70000;156,60000;70,20000;0;1,10000;8,80000;22,167160198551740247605699603;428,10000;278,70000;128,50000;5,90000;0;15;0;0;0;0;0;0;0
2021-01-03 07:00:00;19,359955641666666666666666667;240;155,90000;74,20000;0;1,10000;8,80000;23,166106702370100273473108478;438,80000;283,50000;103,80000;5,90000;0;45,60000;0;0;0;0;0;0;0
2021-01-03 08:00:00;19,392960639830508474576271186;236;156,90000;69,20000;0;1,10000;8,80000;23,153695777875716174526223006;453,80000;285,40000;98,80000;5,90000;0;63,70000;0;0;0;0;0;0;0
2021-01-03 09:00:00;19,463460026420079260237780713;227,10000;156,90000;68,20000;0;1,70000;0,30000;23,322361966681090437040242319;462,20000;283,90000;100,30000;5,90000;0;72,10000;0;0;0;0;0;0;0
2021-01-03 10:00:00;19,496263937282229965156794425;229,60000;156,40000;71,20000;0;1,70000;0,30000;22,818060983961855223233636758;461,40000;278,60000;106;5,90000;0;70,90000;0;0;0;0;0;0;0
2021-01-03 11:00:00;19,43535413793103448275862069;232;158,30000;71,20000;0;2,20000;0,30000;22,606829488611946712505371723;465,40000;282,30000;106;5,90000;0;71,20000;0;0;0;0;0;0;0
2021-01-03 12:00:00;19,491679603524229074889867841;227;158,30000;67,20000;0;1,20000;0,30000;22,619221307245753601376048162;465,10000;282,30000;106;5,90000;0;70,90000;0;0;0;0;0;0;0
2021-01-03 13:00:00;19,522716026490066225165562914;226,50000;157,80000;67,20000;0;1,20000;0,30000;22,520567214750542299349240781;461;302,20000;82;5,90000;0;70,90000;0;0;0;0;0;0;0
2021-01-03 14:00:00;19,400130803802938634399308557;231,40000;158,20000;71,20000;0;1,70000;0,30000;22,61267655097613882863340564;461;303,20000;81;5,90000;0;70,90000;0;0;0;0;0;0;0
2021-01-03 15:00:00;19,410778979591836734693877551;235,20000;158;75,20000;0;1,70000;0,30000;26,237914634376177911797964568;530,60000;297,60000;154,70000;5,90000;0;72,40000;0;0;0;0;0;0;0
2021-01-03 16:00:00;19,479122790697674418604651163;232,20000;157,80000;72,40000;0;1,70000;0,30000;27,34068272483461469694260683;559,30000;317,10000;164,20000;5,90000;0;72,10000;0;0;0;0;0;0;0
2021-01-03 17:00:00;19,960409776951672862453531599;269;158,10000;78;0;2,20000;30,70000;27,476265183519251529327096078;555,80000;312,80000;165;5,90000;0;72,10000;0;0;0;0;0;0;0
2021-01-03 18:00:00;19,390926171548117154811715481;239;156,50000;71,50000;0;2,20000;8,80000;27,320083531300160513643659711;560,70000;317,70000;165;5,90000;0;72,10000;0;0;0;0;0;0;0
2021-01-03 19:00:00;19,337819546409071818563628727;238,10000;156,40000;71,20000;0;1,70000;8,80000;27,254848525469168900804289544;559,50000;314,20000;167,30000;5,90000;0;72,10000;0;0;0;0;0;0;0
2021-01-03 20:00:00;19,242247561196736174070716228;220,60000;141,50000;69,20000;0;1,10000;8,80000;26,824019280058921009022279507;543,10000;289,10000;177,30000;5,90000;0;70,80000;0;0;0;0;0;0;0
2021-01-03 21:00:00;19,194058945205479452054794521;219;140,80000;68,30000;0;1,10000;8,80000;24,037033546207497820401046207;458,80000;289,10000;102,60000;5,90000;0;61,20000;0;0;0;0;0;0;0
2021-01-03 22:00:00;19,117602090497737556561085973;221;141,90000;69,20000;0;1,10000;8,80000;23,907719393471548301720335245;453,40000;288,70000;97,60000;5,90000;0;61,20000;0;0;0;0;0;0;0
2021-01-03 23:00:00;19,306638459459459459459459459;222;142,10000;70;0;1,10000;8,80000;22,437534309144012581442372501;445,10000;289,10000;95,10000;5,90000;0;55;0;0;0;0;0;0;0
2021-01-04 00:00:00;20,164675199485199485199485199;233,10000;162,90000;60,50000;0;1,20000;8,50000;21,085818016784452296819787986;452,80000;277,90000;106,30000;5,90000;0;62,70000;0;0;0;0;0;0;0
2021-01-04 01:00:00;19,805051612349914236706689537;233,20000;164,40000;59,40000;0;1,20000;8,20000;20,866110456977262594739188587;448,60000;286;105,60000;5,90000;0;51,10000;0;0;0;0;0;0;0
2021-01-04 02:00:00;19,808890613207547169811320755;233,20000;164,30000;59,50000;0;1,20000;8,20000;20,911760455580865603644646925;439;284,50000;105,60000;5,90000;0;43;0;0;0;0;0;0;0
2021-01-04 03:00:00;19,812798989293361884368308351;233,50000;164,30000;59,50000;0;1,20000;8,50000;20,880815709976798143851508121;431;284,60000;105,60000;5,90000;0;34,90000;0;0;0;0;0;0;0
2021-01-04 04:00:00;19,62760385042735042735042735;234;159,50000;64,50000;0;1,20000;8,80000;21,166465852053551168595416383;440,70000;289,60000;102,20000;5,90000;0;43;0;0;0;0;0;0;0
2021-01-04 05:00:00;20,023545067045916294189353921;246,10000;159,30000;77,30000;0;1,20000;8,30000;21,087788058575549145773241624;450,70000;289;99,20000;5,90000;0;56,60000;0;0;0;0;0;0;0
2021-01-04 06:00:00;20,159205869565217391304347826;239,20000;159,30000;70,30000;0;1,10000;8,50000;24,026709101899827288428324698;463,20000;299,90000;84,10000;6,10000;0;73,10000;0;0;0;0;0;0;0
2021-01-04 07:00:00;19,868227374301675977653631285;250,60000;160,20000;70;0;1,90000;18,50000;23,477276264800861141011840689;464,50000;306,90000;77,10000;6,10000;0;74,40000;0;0;0;0;0;0;0
2021-01-04 08:00:00;20,106331319272125723738626964;241,80000;159,90000;70;0;1,90000;10;23,70682152524167561761546724;465,50000;306,90000;77,10000;6,10000;0;75,40000;0;0;0;0;0;0;0
2021-01-04 09:00:00;20,477803571428571428571428571;246,40000;165,40000;69,10000;0;1,90000;10;24,300304673097534833869239014;466,50000;310,60000;74,40000;6,10000;0;75,40000;0;0;0;0;0;0;0
2021-01-04 10:00:00;23,657196347490347490347490347;259;165,20000;86,20000;5;2,60000;0;23,720230175996607294317217981;471,60000;311,10000;74,40000;6,10000;0;80;0;0;0;0;0;0;0
2021-01-04 11:00:00;21,8123411003861003861003861;259;165,70000;85,20000;5;3,10000;0;23,845166713271671327167132717;464,90000;311,30000;72,70000;6,10000;0;74,80000;0;0;0;0;0;0;0
2021-01-04 12:00:00;21,610072702702702702702702703;259;165,70000;85,20000;5;3,10000;0;24,52899658526226375026544914;470,90000;295,80000;90,90000;6,10000;0;78,10000;0;0;0;0;0;0;0
2021-01-04 13:00:00;23,666377910780669144981412639;269;165,40000;96;5;2,60000;0;21,842678651637601020842194811;470,20000;320,90000;65,10000;6,10000;0;78,10000;0;0;0;0;0;0;0
2021-01-04 14:00:00;23,724333985130111524163568773;269;165,30000;96,10000;5;2,60000;0;22,287033421332765595060677028;469,70000;320,70000;65,10000;6,10000;0;77,80000;0;0;0;0;0;0;0
2021-01-04 15:00:00;22,224010089219330855018587361;269;165,20000;86;15;2,60000;0,20000;24,262819327073552425665101721;511,20000;321,30000;105,20000;6;0;78,70000;0;0;0;0;0;0;0
2021-01-04 16:00:00;21,961390743494423791821561338;269;165,60000;85,10000;15;3,10000;0,20000;24,778472965491088357982555935;527,40000;336,10000;106,60000;6;0;78,70000;0;0;0;0;0;0;0
2021-01-04 17:00:00;22,138714163568773234200743494;269;165,60000;85,10000;15;3,10000;0,20000;36,659465859424920127795527157;626;337,70000;198,30000;6;0;84;0;0;0;0;0;0;0
2021-01-04 18:00:00;21,986680713754646840148698885;269;165,60000;85,10000;15;3,10000;0,20000;36,860509928115015974440894569;626;342,20000;195,30000;6;0;82,50000;0;0;0;0;0;0;0
2021-01-04 19:00:00;22,169078509293680297397769517;269;165,60000;83,10000;15;3,10000;2,20000;35,586542843450479233226837061;626;342,30000;194,70000;6;0;83;0;0;0;0;0;0;0
2021-01-04 20:00:00;22,305014754646840148698884758;269;165,70000;85;15;3,10000;0,20000;24,714194941658137154554759468;488,50000;292,80000;111,60000;6;0;78,10000;0;0;0;0;0;0;0
2021-01-04 21:00:00;23,24277703345724907063197026;269;160,70000;99,90000;5;1,10000;2,30000;22,159847665615141955835962145;475,50000;300,80000;91,50000;6;0;77,20000;0;0;0;0;0;0;0
2021-01-04 22:00:00;20,223344819472616632860040568;246,50000;159,90000;77;0;1,10000;8,50000;21,823521537636714561441132318;466,30000;302,40000;81,70000;6;0;76,20000;0;0;0;0;0;0;0
2021-01-04 23:00:00;20,233143970037453183520599251;240,30000;155,40000;75,30000;0;1,10000;8,50000;22,542303356193741963137591084;466,60000;299,20000;84,90000;6;0;76,50000;0;0;0;0;0;0;0
2021-01-05 00:00:00;20,033041262668918918918918919;236,80000;157,50000;57,50000;4;0,20000;17,60000;22,168279445046607413830479081;461,30000;224,40000;152,70000;13;0;71,20000;0;0;0;0;0;0;0
2021-01-05 01:00:00;19,891169774375503626107977438;248,20000;157,60000;59,10000;4;0,20000;27,30000;21,652263630630630630630630631;444;246,20000;135,90000;8;0;53,90000;0;0;0;0;0;0;0
2021-01-05 02:00:00;19,954621165991902834008097166;247;157,60000;58,20000;4;0,20000;27;21,711557131223825034899953467;429,80000;245;138,90000;7;0;38,90000;0;0;0;0;0;0;0
2021-01-05 03:00:00;19,881599102615694164989939638;248,50000;157,60000;59,10000;4;0,20000;27,60000;21,716225424593967517401392111;431;246,80000;136,30000;7;0;40,90000;0;0;0;0;0;0;0
2021-01-05 04:00:00;19,821900767386091127098321343;250,20000;159;59,10000;4;0,20000;27,90000;22,414309307387862796833773087;454,80000;270,10000;135,80000;7;0;41,90000;0;0;0;0;0;0;0
2021-01-05 05:00:00;19,804379790828640386162510056;248,60000;159,20000;57,50000;4;0,20000;27,70000;22,333618017630617071597505913;465,10000;270,10000;125,80000;7;0;62,20000;0;0;0;0;0;0;0
2021-01-05 06:00:00;21,829764873605947955390334572;269;147,20000;74,70000;4;1,20000;41,90000;28,989068340098269600512710959;468,10000;257;124,90000;8,20000;0;78;0;0;0;0;0;0;0
2021-01-05 07:00:00;22,285097650557620817843866171;269;152,50000;75,80000;9;1,20000;30,50000;29,934397035454933788979068774;468,20000;270,70000;111,30000;8,20000;0;78;0;0;0;0;0;0;0
2021-01-05 08:00:00;25,152314338289962825278810409;269;152,50000;87,70000;9;2,30000;17,50000;29,965527090986757795813754806;468,20000;270,70000;111,30000;8,20000;0;78;0;0;0;0;0;0;0
2021-01-05 09:00:00;22,878005482625482625482625483;259;162,20000;73,10000;9;2,20000;12,50000;28,299164928434095278786584063;468,10000;275,70000;106,20000;8,20000;0;78;0;0;0;0;0;0;0
2021-01-05 10:00:00;22,987367837837837837837837838;259;162,20000;73,10000;9;2,20000;12,50000;28,041065900414937759336099585;482;305,70000;91,10000;7,20000;0;78;0;0;0;0;0;0;0
2021-01-05 11:00:00;22,485070347490347490347490347;259;162,10000;68,20000;9;2,20000;17,50000;28,071592925311203319502074689;482;305,70000;91,10000;7,20000;0;78;0;0;0;0;0;0;0
2021-01-05 12:00:00;22,970117760617760617760617761;259;172,10000;66,20000;4;1,20000;15,50000;25,951423565477462080751976073;468,10000;300,70000;65,20000;24,20000;0;78;0;0;0;0;0;0;0
2021-01-05 13:00:00;23,532291672862453531598513011;269;172,20000;70,10000;9;2,20000;15,50000;27,438611426135152419526753357;469,10000;285,70000;96,20000;8,20000;0;79;0;0;0;0;0;0;0
2021-01-05 14:00:00;23,53642855018587360594795539;269;172,20000;70,10000;9;2,20000;15,50000;27,689543651673417181837561288;469,10000;285,70000;96,20000;8,20000;0;79;0;0;0;0;0;0;0
2021-01-05 15:00:00;21,969572765799256505576208178;269;151,20000;69,90000;39;1,20000;7,70000;32,335799558935361216730038023;526;300,90000;139,10000;7;0;79;0;0;0;0;0;0;0
2021-01-05 16:00:00;21,614565747211895910780669145;269;151,80000;66,20000;39;1,30000;10,70000;32,05890418334892422825070159;534,50000;310,90000;138,60000;7;0;78;0;0;0;0;0;0;0
2021-01-05 17:00:00;21,743988661710037174721189591;269;151,90000;66,20000;39;1,20000;10,70000;32,99932;516,80000;310,90000;120,90000;7;0;78;0;0;0;0;0;0;0
2021-01-05 18:00:00;22,016235115241635687732342007;269;151,80000;65,90000;49;1,20000;1,10000;32,94035;516,80000;310,90000;120,90000;7;0;78;0;0;0;0;0;0;0
2021-01-05 19:00:00;21,803714996282527881040892193;269;152,10000;56;49;1,20000;10,70000;32,89296;516,80000;310,90000;120,90000;7;0;78;0;0;0;0;0;0;0
2021-01-05 20:00:00;22,241527301115241635687732342;269;154,40000;53,60000;49;1,30000;10,70000;31,413263304849391155735953856;468,10000;262,20000;120,90000;7;0;78;0;0;0;0;0;0;0
2021-01-05 21:00:00;19,874934987080103359173126615;232,20000;147,60000;61,60000;4;1,10000;17,90000;26,593131686695278969957081545;466;279,50000;102,60000;8;0;75,90000;0;0;0;0;0;0;0
2021-01-05 22:00:00;19,740379914529914529914529915;245,70000;147;61,60000;4;1,10000;32;25,625157233540639073557795411;466,30000;275,30000;107,10000;8;0;75,90000;0;0;0;0;0;0;0
2021-01-05 23:00:00;19,90948645048203330411919369;228,20000;147;61,60000;4;1,10000;14,50000;25,520886669511414550885427779;468,70000;278,70000;107,10000;7;0;75,90000;0;0;0;0;0;0;0
2021-01-06 00:00:00;20,532463281553398058252427184;206;141,30000;41,40000;4;0,40000;18,90000;21,498920260739474246633896132;467,90000;242,70000;134,40000;13;0;77,80000;0;0;0;0;0;0;0
2021-01-06 01:00:00;20,4119776;200;141,50000;34,90000;4;0,30000;19,30000;21,340043958243650452001721911;464,60000;251,90000;119,20000;19;0;74,50000;0;0;0;0;0;0;0
2021-01-06 02:00:00;20,378853306205493387589013225;196,60000;141,10000;33,80000;4;0,20000;17,50000;21,411121035571458640286255525;475,10000;252;119,10000;19;0;85;0;0;0;0;0;0;0
2021-01-06 03:00:00;20,378853306205493387589013225;196,60000;141,10000;33,80000;4;0,20000;17,50000;21,393654718037021093413689195;464,60000;251,90000;119,20000;19;0;74,50000;0;0;0;0;0;0;0
2021-01-06 04:00:00;20,53789556327543424317617866;201,50000;142,20000;37,30000;4;0,20000;17,80000;22,611632690592482480356763644;470,90000;278;104,10000;8;0;80,80000;0;0;0;0;0;0;0
2021-01-06 05:00:00;20,581657494989979959919839679;199,60000;149,20000;27,30000;4;0,30000;18,80000;22,649213981403212172442941674;473,20000;277,90000;104,20000;8;0;83,10000;0;0;0;0;0;0;0
2021-01-06 06:00:00;20,922908083333333333333333333;216;150,20000;23,90000;4;0,40000;37,50000;28,353626500843170320404721754;474,40000;283,60000;91,50000;15;0;84,30000;0;0;0;0;0;0;0
2021-01-06 07:00:00;21,305377746411483253588516746;209;163,10000;21;4;0,40000;20,50000;28,820078554938007695596408722;467,80000;301,20000;69,70000;20;0;76,90000;0;0;0;0;0;0;0
2021-01-06 08:00:00;21,313405662831415707853926963;199,90000;161,30000;23,70000;4;0,40000;10,50000;29,178199892631578947368421053;475;278,40000;85,70000;26;0;84,90000;0;0;0;0;0;0;0
2021-01-06 09:00:00;22,378682154929577464788732394;213;163,50000;26,90000;11,70000;0,40000;10,50000;29,229645341052631578947368421;475;279,20000;84,90000;26;0;84,90000;0;0;0;0;0;0;0
2021-01-06 10:00:00;22,580737323943661971830985915;213;163,50000;26,90000;11,70000;0,40000;10,50000;27,513898715789473684210526316;475;289,70000;74,40000;26;0;84,90000;0;0;0;0;0;0;0
2021-01-06 11:00:00;22,917500088372093023255813953;215;163,40000;26,90000;11,70000;0,50000;12,50000;27,538143873684210526315789474;475;289,70000;74,40000;26;0;84,90000;0;0;0;0;0;0;0
2021-01-06 12:00:00;23,202361045871559633027522936;218;163,50000;31,80000;11,70000;0,50000;10,50000;27,55784584719006524942117449;475,10000;289,30000;74,90000;26;0;84,90000;0;0;0;0;0;0;0
2021-01-06 13:00:00;23,777485829596412556053811659;223;163,70000;29,60000;11,70000;0,50000;17,50000;28,738703694736842105263157895;475;294,20000;69,90000;26;0;84,90000;0;0;0;0;0;0;0
2021-01-06 14:00:00;25,425659377777777777777777778;225;162;40,30000;11,70000;0,50000;10,50000;29,262173494736842105263157895;475;294,20000;69,90000;26;0;84,90000;0;0;0;0;0;0;0
2021-01-06 15:00:00;31,831337137546468401486988848;269;170,40000;60,20000;11,70000;2;24,70000;29,825082608974358974358974359;468;297,80000;66,30000;26;0;77,90000;0;0;0;0;0;0;0
2021-01-06 16:00:00;32,385251754646840148698884758;269;170,10000;60,40000;11,70000;2,10000;24,70000;29,749926692307692307692307692;468;289,40000;74,70000;26;0;77,90000;0;0;0;0;0;0;0
2021-01-06 17:00:00;25,110271105504587155963302752;218;160,10000;37,50000;9,20000;0,50000;10,70000;30,959761487179487179487179487;468;297,40000;66,70000;26;0;77,90000;0;0;0;0;0;0;0
2021-01-06 18:00:00;31,906148085501858736059479554;269;171,60000;54,90000;11,70000;2,10000;28,70000;28,681933485784919653893695921;485,40000;295,80000;68,30000;26;0;95,30000;0;0;0;0;0;0;0
2021-01-06 19:00:00;22,50066314018691588785046729;214;163,70000;31,10000;7,90000;0,60000;10,70000;28,882092829101770855557926179;468,70000;298,90000;66,20000;26;0;77,60000;0;0;0;0;0;0;0
2021-01-06 20:00:00;22,475101237693389592123769339;213,30000;162,90000;28,20000;11,10000;0,40000;10,70000;27,497249903846153846153846154;468;289;75,10000;26;0;77,90000;0;0;0;0;0;0;0
2021-01-06 21:00:00;22,117929267857142857142857143;224;170,60000;24,90000;8,60000;0,60000;19,30000;25,320869901856197994452741626;468,70000;290,50000;91,60000;8;0;78,60000;0;0;0;0;0;0;0
2021-01-06 22:00:00;21,238144854545454545454545455;220;169,40000;24,20000;6,60000;0,50000;19,30000;25,370670721143588649455941967;468,70000;288,80000;93,30000;8;0;78,60000;0;0;0;0;0;0;0
2021-01-06 23:00:00;21,080311278517110266159695817;210,40000;169;20,40000;2;0,30000;18,70000;25,521903953488372093023255814;468,70000;288,60000;93,50000;8;0;78,60000;0;0;0;0;0;0;0
2021-01-07 00:00:00;22,270071066666666666666666667;240;160,30000;44,80000;6,30000;1,10000;27,50000;22,265875046286772269080436124;486,10000;271,20000;110,90000;8;0;96;0;0;0;0;0;0;0
2021-01-07 01:00:00;21,906521038961038961038961039;231;159,80000;45,30000;6,30000;2,10000;17,50000;22,29824;489,90000;281,40000;110,90000;8;0;89,60000;0;0;0;0;0;0;0
2021-01-07 02:00:00;21,172627814814814814814814815;216;160,30000;25,40000;8,80000;2,20000;19,30000;22,29480658302733578131374949;490,20000;281,70000;110,90000;8;0;89,60000;0;0;0;0;0;0;0
2021-01-07 03:00:00;21,172627814814814814814814815;216;160,30000;25,40000;8,80000;2,20000;19,30000;22,34930;490;281,50000;110,90000;8;0;89,60000;0;0;0;0;0;0;0
2021-01-07 04:00:00;21,387534696969696969696969697;231;177,30000;24,80000;8,80000;1,10000;19;25,694525724785626786443446305;489,80000;287;109,10000;8;0;85,70000;0;0;0;0;0;0;0
2021-01-07 05:00:00;22,220982592592592592592592593;243;184,90000;37,40000;6,30000;2,10000;12,30000;26,193592693609818027930596699;472,60000;273;109,10000;8;0;82,50000;0;0;0;0;0;0;0
2021-01-07 06:00:00;23,734038617100371747211895911;269;182,50000;13,20000;49;1,70000;22,60000;40,00692;513,80000;273,10000;150;8,20000;0;82,50000;0;0;0;0;0;0;0
2021-01-07 07:00:00;23,326565869731800766283524904;261;198,60000;2,40000;49;0,50000;10,50000;39,291453054697437761221152099;550,30000;289,70000;152;8,20000;0;100,40000;0;0;0;0;0;0;0
2021-01-07 08:00:00;23,332015068181818181818181818;264;198,50000;5,10000;49;0,50000;10,90000;40,21080;530,10000;273,90000;152;8,20000;0;96;0;0;0;0;0;0;0
2021-01-07 09:00:00;23,32823333976833976833976834;259;197,80000;1,30000;49;0,40000;10,50000;39,108594946332737030411449016;559;288,50000;166,30000;8,20000;0;96;0;0;0;0;0;0;0
2021-01-07 10:00:00;23,402727590733590733590733591;259;194;5;49;0,50000;10,50000;38,021192226636724822940058732;578,90000;319,10000;155,60000;8,20000;0;96;0;0;0;0;0;0;0
2021-01-07 11:00:00;23,418414704519119351100811124;258,90000;193,90000;5;49;0,50000;10,50000;38,022901931248920366211780964;578,90000;319,10000;155,60000;8,20000;0;96;0;0;0;0;0;0;0
2021-01-07 12:00:00;24,440256409744408945686900958;250,40000;196,70000;5,10000;25,70000;1,50000;21,40000;34,45518565969718817591925018;554,80000;324,30000;126,30000;8,20000;0;96;0;0;0;0;0;0;0
2021-01-07 13:00:00;23,42710716796875;256;197,60000;5,20000;40,70000;1,50000;11;38,820648141873021783652951033;537,10000;294,20000;142,70000;8,20000;0;92;0;0;0;0;0;0;0
2021-01-07 14:00:00;23,647499866171003717472118959;269;197,30000;5;55,70000;0,50000;10,50000;40,678053687627527360415507327;539,10000;294,10000;158,80000;8,20000;0;78;0;0;0;0;0;0;0
2021-01-07 15:00:00;23,498436825278810408921933086;269;197,10000;5;55,70000;0,50000;10,70000;41,751668428351309707241910632;519,20000;286,40000;158,80000;8;0;66;0;0;0;0;0;0;0
2021-01-07 16:00:00;23,703287972871137905048982668;265,40000;183,20000;1,30000;70,70000;0,40000;9,80000;41,643635694774346793349168646;505,20000;272,40000;158,80000;8;0;66;0;0;0;0;0;0;0
2021-01-07 17:00:00;23,70678731981981981981981982;266,40000;183,30000;1,30000;70,70000;0,40000;10,70000;43,49509;491,70000;266;151,70000;8;0;66;0;0;0;0;0;0;0
2021-01-07 18:00:00;23,673095488494907582044511505;265,10000;187,10000;4,90000;62;0,40000;10,70000;43,54985;513,90000;274,20000;151,70000;8;0;80;0;0;0;0;0;0;0
2021-01-07 19:00:00;24,086273453531598513011152416;269;187,70000;5,10000;62;1,50000;12,70000;42,55607;530,20000;290,10000;138,10000;8;0;94;0;0;0;0;0;0;0
2021-01-07 20:00:00;25,840482312267657992565055762;269;188,70000;27,40000;40,30000;1,50000;11,10000;40,01630;506,50000;290;108,10000;8;0;100,40000;0;0;0;0;0;0;0
2021-01-07 21:00:00;25,254444163568773234200743494;269;188,50000;24,30000;40,30000;3;12,90000;33,42475;521,70000;284,80000;133,90000;8;0;95;0;0;0;0;0;0;0
2021-01-07 22:00:00;23,634682862453531598513011152;269;191;21,20000;40,30000;2,10000;14,40000;32,70133;545,20000;300,30000;141,90000;8;0;95;0;0;0;0;0;0;0
2021-01-07 23:00:00;23,472993308550185873605947955;269;191,30000;12,30000;40,30000;2,20000;22,90000;32,862136729866716726112258307;532,70000;300,30000;141,90000;8;0;82,50000;0;0;0;0;0;0;0
2021-01-08 00:00:00;24,196219195402298850574712644;243,60000;164,90000;32,60000;12,50000;1,10000;32,50000;29,197686488879736408566721582;485,60000;249,90000;111,70000;29;0;95;0;0;0;0;0;0;0
2021-01-08 01:00:00;24,276575646341463414634146341;246;165,30000;27,60000;12,50000;1,10000;39,50000;28,928075343228200371057513915;485,10000;249,50000;111,60000;29;0;95;0;0;0;0;0;0;0
2021-01-08 02:00:00;23,81908897338403041825095057;236,70000;163;27,60000;12,50000;1,10000;32,50000;28,925789177828147537605604781;485,30000;249,70000;111,60000;29;0;95;0;0;0;0;0;0;0
2021-01-08 03:00:00;23,841437601031814273430782459;232,60000;165;31,50000;12,50000;1,10000;22,50000;28,669733116883116883116883117;485,10000;249,80000;111,30000;29;0;95;0;0;0;0;0;0;0
2021-01-08 04:00:00;23,919418197424892703862660944;233;165,30000;31,70000;12,50000;1;22,50000;27,77569759183673469387755102;490;267,40000;98,60000;29;0;95;0;0;0;0;0;0;0
2021-01-08 05:00:00;27,355579531598513011152416357;269;167,40000;42,40000;12,50000;1;45,70000;28,57389154099711578079934075;485,40000;262,70000;98,70000;29;0;95;0;0;0;0;0;0;0
2021-01-08 06:00:00;37,499844386617100371747211896;269;165,60000;45,70000;16,40000;1,70000;39,60000;39,370502517006802721088435374;485,10000;251,80000;77,10000;61,20000;0;95;0;0;0;0;0;0;0
2021-01-08 07:00:00;40,607559836431226765799256506;269;161,50000;49,50000;16,40000;1,70000;39,90000;39,053879133778587330499898806;494,10000;274,80000;58,10000;61,20000;0;100;0;0;0;0;0;0;0
2021-01-08 08:00:00;28,325485995475113122171945701;221;160,30000;9,90000;16,40000;1,60000;32,80000;41,305920067333197306672107733;490,10000;267,30000;61,60000;61,20000;0;100;0;0;0;0;0;0;0
2021-01-08 09:00:00;29,04945303167420814479638009;221;160,40000;13,10000;16,40000;1,60000;29,50000;43,451267466639293779511393964;487,10000;267,30000;61,60000;61,20000;0;97;0;0;0;0;0;0;0
2021-01-08 10:00:00;31,75625545762711864406779661;236;160,60000;13,30000;16,40000;1,70000;44;43,759908699855996708496194199;486,10000;267,30000;61,60000;61,20000;0;96;0;0;0;0;0;0;0
2021-01-08 11:00:00;32,685461292775665399239543726;236,70000;160,90000;17,30000;16,40000;1,70000;40,40000;43,81056958767180341524364848;480,20000;267,40000;61,60000;61,20000;0;90;0;0;0;0;0;0;0
2021-01-08 12:00:00;35,106698497925311203319502075;241;166,10000;19,40000;13,40000;1,70000;40,40000;43,906007650689158609339642049;486,10000;267,30000;61,60000;61,20000;0;96;0;0;0;0;0;0;0
2021-01-08 13:00:00;36,353533636363636363636363636;242;166,10000;23,50000;10,30000;1,70000;40,40000;45,229776596655791190864600326;490,40000;272,40000;89;29;0;100;0;0;0;0;0;0;0
2021-01-08 14:00:00;34,84649136134453781512605042;238;166,20000;19,40000;10,30000;1,70000;40,40000;45,764113843017329255861365953;490,50000;272,50000;89;29;0;100;0;0;0;0;0;0;0
2021-01-08 15:00:00;31,679402362139917695473251029;243;161;13,30000;28,40000;1,70000;38,60000;44,196594748171368861024033438;478,50000;272,50000;90;29;0;87;0;0;0;0;0;0;0
2021-01-08 16:00:00;30,174790919831223628691983122;237;161;17,30000;28,40000;1,70000;28,60000;44,220822247912652536929993577;467,10000;272,50000;91,60000;29;0;74;0;0;0;0;0;0;0
2021-01-08 17:00:00;27,530963421400264200792602378;227,10000;161,50000;5;28,40000;1,60000;30,60000;44,945376454121306376360808709;450,10000;269,50000;91,60000;29;0;60;0;0;0;0;0;0;0
2021-01-08 18:00:00;26,785494542222222222222222222;225;162,20000;5,30000;28,40000;1,60000;27,50000;43,327136302484062431303583205;454,90000;277,30000;91,60000;26;0;60;0;0;0;0;0;0;0
2021-01-08 19:00:00;24,6712652890995260663507109;211;162,30000;5,10000;28,40000;1,60000;13,60000;42,487447887082976903336184773;467,60000;277;91,60000;26;0;73;0;0;0;0;0;0;0
2021-01-08 20:00:00;32,597135353159851301115241636;269;171,10000;27,80000;28,40000;1,60000;40,10000;42,567631758541186334101865437;477,10000;276,50000;87,60000;26;0;87;0;0;0;0;0;0;0
2021-01-08 21:00:00;34,994492245353159851301115242;269;177,60000;33;11,20000;2,60000;44,60000;36,326449731543624161073825503;491,70000;282,70000;46,40000;61;0;101,60000;0;0;0;0;0;0;0
2021-01-08 22:00:00;28,327747687732342007434944238;269;178,40000;40,10000;11,20000;1;38,30000;36,266834033714629741119807345;498,30000;299;44,30000;61;0;94;0;0;0;0;0;0;0
2021-01-08 23:00:00;29,200889907142857142857142857;280;173,30000;56,20000;11,20000;1;38,30000;35,867915872598584428715874621;494,50000;299,40000;39,10000;61;0;95;0;0;0;0;0;0;0
2021-01-09 00:00:00;24,784953117713426100037608123;265,90000;177,40000;39,80000;47,30000;1,10000;0,30000;36,68388;476,10000;243,60000;177,50000;26;0;29;0;0;0;0;0;0;0
2021-01-09 01:00:00;24,544865636856368563685636856;258,30000;173,80000;35,80000;47,30000;1,10000;0,30000;36,747504131749009797790285595;479,70000;243,30000;180,40000;26;0;30;0;0;0;0;0;0;0
2021-01-09 02:00:00;24,494851904210119737350328312;258,90000;177,80000;32,40000;47,30000;1,10000;0,30000;35,967282153344208809135399674;490,40000;254;180,40000;26;0;30;0;0;0;0;0;0;0
2021-01-09 03:00:00;24,788400347624565469293163384;258,90000;177,80000;9,40000;70,30000;1,10000;0,30000;36,77061;479,60000;243,20000;180,40000;26;0;30;0;0;0;0;0;0;0
2021-01-09 04:00:00;24,84921634241245136186770428;257;174,30000;11;70,30000;1,10000;0,30000;36,052431782679077296641036018;494,20000;254,10000;184,10000;26;0;30;0;0;0;0;0;0;0
2021-01-09 05:00:00;24,89412;246;174,20000;10,10000;60,30000;1,10000;0,30000;36,560710327316008728426899425;504,10000;254,10000;194;26;0;30;0;0;0;0;0;0;0
2021-01-09 06:00:00;25,681315851851851851851851852;216;173,90000;3,30000;37,30000;1,20000;0,30000;52,37866;476,80000;242,20000;178,60000;26;0;30;0;0;0;0;0;0;0
