KEY,FREQ,CURRENCY,CURRENCY_DENOM,EXR_TYPE,EXR_SUFFIX,TIME_PERIOD,OBS_VALUE,OBS_STATUS,OBS_CONF,OBS_PRE_BREAK,OBS_COM,TIME_FORMAT,BREAKS,COLLECTION,COMPILING_ORG,DISS_ORG,DOM_SER_IDS,PUBL_ECB,PUBL_MU,PUBL_PUBLIC,UNIT_INDEX_BASE,COMPILATION,COVERAGE,DECIMALS,NAT_TITLE,SOURCE_AGENCY,SOURCE_PUB,TITLE,TITLE_COMPL,UNIT,UNIT_MULT
EXR.M.AUD.EUR.SP00.A,M,AUD,EUR,SP00,A,2010-01,1.56241,A,F,,,P1M,,A,,,,,,,99Q1=100,,,4,,4F0,,Australian dollar/Euro ECB reference exchange rate,"ECB reference exchange rate, Australian dollar/Euro, 2.15 pm (C.E.T.)",AUD,0
EXR.M.AUD.EUR.SP00.A,M,AUD,EUR,SP00,A,2010-02,1.54343,A,F,,,P1M,,A,,,,,,,99Q1=100,,,4,,4F0,,Australian dollar/Euro ECB reference exchange rate,"ECB reference exchange rate, Australian dollar/Euro, 2.15 pm (C.E.T.)",AUD,0
EXR.M.AUD.EUR.SP00.A,M,AUD,EUR,SP00,A,2010-03,1.4881913043478,A,F,,,P1M,,A,,,,,,,99Q1=100,,,4,,4F0,,Australian dollar/Euro ECB reference exchange rate,"ECB reference exchange rate, Australian dollar/Euro, 2.15 pm (C.E.T.)",AUD,0
EXR.M.AUD.EUR.SP00.A,M,AUD,EUR,SP00,A,2010-04,1.44633,A,F,,,P1M,,A,,,,,,,99Q1=100,,,4,,4F0,,Australian dollar/Euro ECB reference exchange rate,"ECB reference exchange rate, Australian dollar/Euro, 2.15 pm (C.E.T.)",AUD,0
EXR.M.AUD.EUR.SP00.A,M,AUD,EUR,SP00,A,2010-05,1.4436380952381,A,F,,,P1M,,A,,,,,,,99Q1=100,,,4,,4F0,,Australian dollar/Euro ECB reference exchange rate,"ECB reference exchange rate, Australian dollar/Euro, 2.15 pm (C.E.T.)",AUD,0
EXR.M.AUD.EUR.SP00.A,M,AUD,EUR,SP00,A,2010-06,1.4314954545455,A,F,,,P1M,,A,,,,,,,99Q1=100,,,4,,4F0,,Australian dollar/Euro ECB reference exchange rate,"ECB reference exchange rate, Australian dollar/Euro, 2.15 pm (C.E.T.)",AUD,0
EXR.M.AUD.EUR.SP00.A,M,AUD,EUR,SP00,A,2010-07,1.4585545454545,A,F,,,P1M,,A,,,,,,,99Q1=100,,,4,,4F0,,Australian dollar/Euro ECB reference exchange rate,"ECB reference exchange rate, Australian dollar/Euro, 2.15 pm (C.E.T.)",AUD,0
EXR.M.AUD.EUR.SP00.A,M,AUD,EUR,SP00,A,2010-08,1.4336727272727,A,F,,,P1M,,A,,,,,,,99Q1=100,,,4,,4F0,,Australian dollar/Euro ECB reference exchange rate,"ECB reference exchange rate, Australian dollar/Euro, 2.15 pm (C.E.T.)",AUD,0
EXR.M.AUD.EUR.SP00.A,M,AUD,EUR,SP00,A,2010-09,1.3943272727273,A,F,,,P1M,,A,,,,,,,99Q1=100,,,4,,4F0,,Australian dollar/Euro ECB reference exchange rate,"ECB reference exchange rate, Australian dollar/Euro, 2.15 pm (C.E.T.)",AUD,0
EXR.M.AUD.EUR.SP00.A,M,AUD,EUR,SP00,A,2010-10,1.416380952381,A,F,,,P1M,,A,,,,,,,99Q1=100,,,4,,4F0,,Australian dollar/Euro ECB reference exchange rate,"ECB reference exchange rate, Australian dollar/Euro, 2.15 pm (C.E.T.)",AUD,0
EXR.M.AUD.EUR.SP00.A,M,AUD,EUR,SP00,A,2010-11,1.3813181818182,A,F,,,P1M,,A,,,,,,,99Q1=100,,,4,,4F0,,Australian dollar/Euro ECB reference exchange rate,"ECB reference exchange rate, Australian dollar/Euro, 2.15 pm (C.E.T.)",AUD,0
EXR.M.AUD.EUR.SP00.A,M,AUD,EUR,SP00,A,2010-12,1.330352173913,A,F,,,P1M,,A,,,,,,,99Q1=100,,,4,,4F0,,Australian dollar/Euro ECB reference exchange rate,"ECB reference exchange rate, Australian dollar/Euro, 2.15 pm (C.E.T.)",AUD,0
EXR.M.AUD.EUR.SP00.A,M,AUD,EUR,SP00,A,2011-01,1.3416904761905,A,F,,,P1M,,A,,,,,,,99Q1=100,,,4,,4F0,,Australian dollar/Euro ECB reference exchange rate,"ECB reference exchange rate, Australian dollar/Euro, 2.15 pm (C.E.T.)",AUD,0
EXR.M.AUD.EUR.SP00.A,M,AUD,EUR,SP00,A,2011-02,1.3543,A,F,,,P1M,,A,,,,,,,99Q1=100,,,4,,4F0,,Australian dollar/Euro ECB reference exchange rate,"ECB reference exchange rate, Australian dollar/Euro, 2.15 pm (C.E.T.)",AUD,0
EXR.M.AUD.EUR.SP00.A,M,AUD,EUR,SP00,A,2011-03,1.3854304347826,A,F,,,P1M,,A,,,,,,,99Q1=100,,,4,,4F0,,Australian dollar/Euro ECB reference exchange rate,"ECB reference exchange rate, Australian dollar/Euro, 2.15 pm (C.E.T.)",AUD,0
EXR.M.AUD.EUR.SP00.A,M,AUD,EUR,SP00,A,2011-04,1.3662210526316,A,F,,,P1M,,A,,,,,,,99Q1=100,,,4,,4F0,,Australian dollar/Euro ECB reference exchange rate,"ECB reference exchange rate, Australian dollar/Euro, 2.15 pm (C.E.T.)",AUD,0
EXR.M.AUD.EUR.SP00.A,M,AUD,EUR,SP00,A,2011-05,1.3436590909091,A,F,,,P1M,,A,,,,,,,99Q1=100,,,4,,4F0,,Australian dollar/Euro ECB reference exchange rate,"ECB reference exchange rate, Australian dollar/Euro, 2.15 pm (C.E.T.)",AUD,0
EXR.M.AUD.EUR.SP00.A,M,AUD,EUR,SP00,A,2011-06,1.35665,A,F,,,P1M,,A,,,,,,,99Q1=100,,,4,,4F0,,Australian dollar/Euro ECB reference exchange rate,"ECB reference exchange rate, Australian dollar/Euro, 2.15 pm (C.E.T.)",AUD,0
EXR.M.AUD.EUR.SP00.A,M,AUD,EUR,SP00,A,2011-07,1.3248952380952,A,F,,,P1M,,A,,,,,,,99Q1=100,,,4,,4F0,,Australian dollar/Euro ECB reference exchange rate,"ECB reference exchange rate, Australian dollar/Euro, 2.15 pm (C.E.T.)",AUD,0
EXR.M.AUD.EUR.SP00.A,M,AUD,EUR,SP00,A,2011-08,1.3650782608696,A,F,,,P1M,,A,,,,,,,99Q1=100,,,4,,4F0,,Australian dollar/Euro ECB reference exchange rate,"ECB reference exchange rate, Australian dollar/Euro, 2.15 pm (C.E.T.)",AUD,0
EXR.M.AUD.EUR.SP00.A,M,AUD,EUR,SP00,A,2011-09,1.3457590909091,A,F,,,P1M,,A,,,,,,,99Q1=100,,,4,,4F0,,Australian dollar/Euro ECB reference exchange rate,"ECB reference exchange rate, Australian dollar/Euro, 2.15 pm (C.E.T.)",AUD,0
EXR.M.AUD.EUR.SP00.A,M,AUD,EUR,SP00,A,2011-10,1.3524761904762,A,F,,,P1M,,A,,,,,,,99Q1=100,,,4,,4F0,,Australian dollar/Euro ECB reference exchange rate,"ECB reference exchange rate, Australian dollar/Euro, 2.15 pm (C.E.T.)",AUD,0
EXR.M.AUD.EUR.SP00.A,M,AUD,EUR,SP00,A,2011-11,1.3414136363636,A,F,,,P1M,,A,,,,,,,99Q1=100,,,4,,4F0,,Australian dollar/Euro ECB reference exchange rate,"ECB reference exchange rate, Australian dollar/Euro, 2.15 pm (C.E.T.)",AUD,0
EXR.M.AUD.EUR.SP00.A,M,AUD,EUR,SP00,A,2011-12,1.3003142857143,A,F,,,P1M,,A,,,,,,,99Q1=100,,,4,,4F0,,Australian dollar/Euro ECB reference exchange rate,"ECB reference exchange rate, Australian dollar/Euro, 2.15 pm (C.E.T.)",AUD,0
EXR.M.AUD.EUR.SP00.A,M,AUD,EUR,SP00,A,2012-01,1.2404636363636,A,F,,,P1M,,A,,,,,,,99Q1=100,,,4,,4F0,,Australian dollar/Euro ECB reference exchange rate,"ECB reference exchange rate, Australian dollar/Euro, 2.15 pm (C.E.T.)",AUD,0
EXR.M.AUD.EUR.SP00.A,M,AUD,EUR,SP00,A,2012-02,1.2327285714286,A,F,,,P1M,,A,,,,,,,99Q1=100,,,4,,4F0,,Australian dollar/Euro ECB reference exchange rate,"ECB reference exchange rate, Australian dollar/Euro, 2.15 pm (C.E.T.)",AUD,0
EXR.M.AUD.EUR.SP00.A,M,AUD,EUR,SP00,A,2012-03,1.2537818181818,A,F,,,P1M,,A,,,,,,,99Q1=100,,,4,,4F0,,Australian dollar/Euro ECB reference exchange rate,"ECB reference exchange rate, Australian dollar/Euro, 2.15 pm (C.E.T.)",AUD,0
EXR.M.AUD.EUR.SP00.A,M,AUD,EUR,SP00,A,2012-04,1.2717842105263,A,F,,,P1M,,A,,,,,,,99Q1=100,,,4,,4F0,,Australian dollar/Euro ECB reference exchange rate,"ECB reference exchange rate, Australian dollar/Euro, 2.15 pm (C.E.T.)",AUD,0
EXR.M.AUD.EUR.SP00.A,M,AUD,EUR,SP00,A,2012-05,1.2825227272727,A,F,,,P1M,,A,,,,,,,99Q1=100,,,4,,4F0,,Australian dollar/Euro ECB reference exchange rate,"ECB reference exchange rate, Australian dollar/Euro, 2.15 pm (C.E.T.)",AUD,0
EXR.M.AUD.EUR.SP00.A,M,AUD,EUR,SP00,A,2012-06,1.2549714285714,A,F,,,P1M,,A,,,,,,,99Q1=100,,,4,,4F0,,Australian dollar/Euro ECB reference exchange rate,"ECB reference exchange rate, Australian dollar/Euro, 2.15 pm (C.E.T.)",AUD,0
EXR.M.AUD.EUR.SP00.A,M,AUD,EUR,SP00,A,2012-07,1.1931181818182,A,F,,,P1M,,A,,,,,,,99Q1=100,,,4,,4F0,,Australian dollar/Euro ECB reference exchange rate,"ECB reference exchange rate, Australian dollar/Euro, 2.15 pm (C.E.T.)",AUD,0
EXR.M.AUD.EUR.SP00.A,M,AUD,EUR,SP00,A,2012-08,1.1841391304348,A,F,,,P1M,,A,,,,,,,99Q1=100,,,4,,4F0,,Australian dollar/Euro ECB reference exchange rate,"ECB reference exchange rate, Australian dollar/Euro, 2.15 pm (C.E.T.)",AUD,0
EXR.M.AUD.EUR.SP00.A,M,AUD,EUR,SP00,A,2012-09,1.23718,A,F,,,P1M,,A,,,,,,,99Q1=100,,,4,,4F0,,Australian dollar/Euro ECB reference exchange rate,"ECB reference exchange rate, Australian dollar/Euro, 2.15 pm (C.E.T.)",AUD,0
EXR.M.AUD.EUR.SP00.A,M,AUD,EUR,SP00,A,2012-10,1.2595739130435,A,F,,,P1M,,A,,,,,,,99Q1=100,,,4,,4F0,,Australian dollar/Euro ECB reference exchange rate,"ECB reference exchange rate, Australian dollar/Euro, 2.15 pm (C.E.T.)",AUD,0
EXR.M.AUD.EUR.SP00.A,M,AUD,EUR,SP00,A,2012-11,1.2331090909091,A,F,,,P1M,,A,,,,,,,99Q1=100,,,4,,4F0,,Australian dollar/Euro ECB reference exchange rate,"ECB reference exchange rate, Australian dollar/Euro, 2.15 pm (C.E.T.)",AUD,0
EXR.M.AUD.EUR.SP00.A,M,AUD,EUR,SP00,A,2012-12,1.2527157894737,A,F,,,P1M,,A,,,,,,,99Q1=100,,,4,,4F0,,Australian dollar/Euro ECB reference exchange rate,"ECB reference exchange rate, Australian dollar/Euro, 2.15 pm (C.E.T.)",AUD,0
EXR.M.AUD.EUR.SP00.A,M,AUD,EUR,SP00,A,2013-01,1.2658181818182,A,F,,,P1M,,A,,,,,,,99Q1=100,,,4,,4F0,,Australian dollar/Euro ECB reference exchange rate,"ECB reference exchange rate, Australian dollar/Euro, 2.15 pm (C.E.T.)",AUD,0
EXR.M.AUD.EUR.SP00.A,M,AUD,EUR,SP00,A,2013-02,1.295145,A,F,,,P1M,,A,,,,,,,99Q1=100,,,4,,4F0,,Australian dollar/Euro ECB reference exchange rate,"ECB reference exchange rate, Australian dollar/Euro, 2.15 pm (C.E.T.)",AUD,0
EXR.M.AUD.EUR.SP00.A,M,AUD,EUR,SP00,A,2013-03,1.2537,A,F,,,P1M,,A,,,,,,,99Q1=100,,,4,,4F0,,Australian dollar/Euro ECB reference exchange rate,"ECB reference exchange rate, Australian dollar/Euro, 2.15 pm (C.E.T.)",AUD,0
EXR.M.AUD.EUR.SP00.A,M,AUD,EUR,SP00,A,2013-04,1.2539095238095,A,F,,,P1M,,A,,,,,,,99Q1=100,,,4,,4F0,,Australian dollar/Euro ECB reference exchange rate,"ECB reference exchange rate, Australian dollar/Euro, 2.15 pm (C.E.T.)",AUD,0
EXR.M.AUD.EUR.SP00.A,M,AUD,EUR,SP00,A,2013-05,1.3133318181818,A,F,,,P1M,,A,,,,,,,99Q1=100,,,4,,4F0,,Australian dollar/Euro ECB reference exchange rate,"ECB reference exchange rate, Australian dollar/Euro, 2.15 pm (C.E.T.)",AUD,0
EXR.M.AUD.EUR.SP00.A,M,AUD,EUR,SP00,A,2013-06,1.397825,A,F,,,P1M,,A,,,,,,,99Q1=100,,,4,,4F0,,Australian dollar/Euro ECB reference exchange rate,"ECB reference exchange rate, Australian dollar/Euro, 2.15 pm (C.E.T.)",AUD,0
EXR.M.AUD.EUR.SP00.A,M,AUD,EUR,SP00,A,2013-07,1.4279304347826,A,F,,,P1M,,A,,,,,,,99Q1=100,,,4,,4F0,,Australian dollar/Euro ECB reference exchange rate,"ECB reference exchange rate, Australian dollar/Euro, 2.15 pm (C.E.T.)",AUD,0
EXR.M.AUD.EUR.SP00.A,M,AUD,EUR,SP00,A,2013-08,1.4741818181818,A,F,,,P1M,,A,,,,,,,99Q1=100,,,4,,4F0,,Australian dollar/Euro ECB reference exchange rate,"ECB reference exchange rate, Australian dollar/Euro, 2.15 pm (C.E.T.)",AUD,0
EXR.M.AUD.EUR.SP00.A,M,AUD,EUR,SP00,A,2013-09,1.437880952381,A,F,,,P1M,,A,,,,,,,99Q1=100,,,4,,4F0,,Australian dollar/Euro ECB reference exchange rate,"ECB reference exchange rate, Australian dollar/Euro, 2.15 pm (C.E.T.)",AUD,0
EXR.M.AUD.EUR.SP00.A,M,AUD,EUR,SP00,A,2013-10,1.4328304347826,A,F,,,P1M,,A,,,,,,,99Q1=100,,,4,,4F0,,Australian dollar/Euro ECB reference exchange rate,"ECB reference exchange rate, Australian dollar/Euro, 2.15 pm (C.E.T.)",AUD,0
EXR.M.AUD.EUR.SP00.A,M,AUD,EUR,SP00,A,2013-11,1.4473285714286,A,F,,,P1M,,A,,,,,,,99Q1=100,,,4,,4F0,,Australian dollar/Euro ECB reference exchange rate,"ECB reference exchange rate, Australian dollar/Euro, 2.15 pm (C.E.T.)",AUD,0
EXR.M.AUD.EUR.SP00.A,M,AUD,EUR,SP00,A,2013-12,1.52433,A,F,,,P1M,,A,,,,,,,99Q1=100,,,4,,4F0,,Australian dollar/Euro ECB reference exchange rate,"ECB reference exchange rate, Australian dollar/Euro, 2.15 pm (C.E.T.)",AUD,0
EXR.M.AUD.EUR.SP00.A,M,AUD,EUR,SP00,A,2014-01,1.5377136363636,A,F,,,P1M,,A,,,,,,,99Q1=100,,,4,,4F0,,Australian dollar/Euro ECB reference exchange rate,"ECB reference exchange rate, Australian dollar/Euro, 2.15 pm (C.E.T.)",AUD,0
EXR.M.AUD.EUR.SP00.A,M,AUD,EUR,SP00,A,2014-02,1.52219,A,F,,,P1M,,A,,,,,,,99Q1=100,,,4,,4F0,,Australian dollar/Euro ECB reference exchange rate,"ECB reference exchange rate, Australian dollar/Euro, 2.15 pm (C.E.T.)",AUD,0
EXR.M.AUD.EUR.SP00.A,M,AUD,EUR,SP00,A,2014-03,1.5217333333333,A,F,,,P1M,,A,,,,,,,99Q1=100,,,4,,4F0,,Australian dollar/Euro ECB reference exchange rate,"ECB reference exchange rate, Australian dollar/Euro, 2.15 pm (C.E.T.)",AUD,0
EXR.M.AUD.EUR.SP00.A,M,AUD,EUR,SP00,A,2014-04,1.48309,A,F,,,P1M,,A,,,,,,,99Q1=100,,,4,,4F0,,Australian dollar/Euro ECB reference exchange rate,"ECB reference exchange rate, Australian dollar/Euro, 2.15 pm (C.E.T.)",AUD,0
EXR.M.AUD.EUR.SP00.A,M,AUD,EUR,SP00,A,2014-05,1.4755380952381,A,F,,,P1M,,A,,,,,,,99Q1=100,,,4,,4F0,,Australian dollar/Euro ECB reference exchange rate,"ECB reference exchange rate, Australian dollar/Euro, 2.15 pm (C.E.T.)",AUD,0
EXR.M.AUD.EUR.SP00.A,M,AUD,EUR,SP00,A,2014-06,1.4516571428571,A,F,,,P1M,,A,,,,,,,99Q1=100,,,4,,4F0,,Australian dollar/Euro ECB reference exchange rate,"ECB reference exchange rate, Australian dollar/Euro, 2.15 pm (C.E.T.)",AUD,0
EXR.M.AUD.EUR.SP00.A,M,AUD,EUR,SP00,A,2014-07,1.442,A,F,,,P1M,,A,,,,,,,99Q1=100,,,4,,4F0,,Australian dollar/Euro ECB reference exchange rate,"ECB reference exchange rate, Australian dollar/Euro, 2.15 pm (C.E.T.)",AUD,0
EXR.M.AUD.EUR.SP00.A,M,AUD,EUR,SP00,A,2014-08,1.4306,A,F,,,P1M,,A,,,,,,,99Q1=100,,,4,,4F0,,Australian dollar/Euro ECB reference exchange rate,"ECB reference exchange rate, Australian dollar/Euro, 2.15 pm (C.E.T.)",AUD,0
EXR.M.AUD.EUR.SP00.A,M,AUD,EUR,SP00,A,2014-09,1.4246227272727,A,F,,,P1M,,A,,,,,,,99Q1=100,,,4,,4F0,,Australian dollar/Euro ECB reference exchange rate,"ECB reference exchange rate, Australian dollar/Euro, 2.15 pm (C.E.T.)",AUD,0
EXR.M.AUD.EUR.SP00.A,M,AUD,EUR,SP00,A,2014-10,1.4435826086957,A,F,,,P1M,,A,,,,,,,99Q1=100,,,4,,4F0,,Australian dollar/Euro ECB reference exchange rate,"ECB reference exchange rate, Australian dollar/Euro, 2.15 pm (C.E.T.)",AUD,0
EXR.M.AUD.EUR.SP00.A,M,AUD,EUR,SP00,A,2014-11,1.443215,A,F,,,P1M,,A,,,,,,,99Q1=100,,,4,,4F0,,Australian dollar/Euro ECB reference exchange rate,"ECB reference exchange rate, Australian dollar/Euro, 2.15 pm (C.E.T.)",AUD,0
EXR.M.AUD.EUR.SP00.A,M,AUD,EUR,SP00,A,2014-12,1.4928095238095,A,F,,,P1M,,A,,,,,,,99Q1=100,,,4,,4F0,,Australian dollar/Euro ECB reference exchange rate,"ECB reference exchange rate, Australian dollar/Euro, 2.15 pm (C.E.T.)",AUD,0
EXR.M.AUD.EUR.SP00.A,M,AUD,EUR,SP00,A,2015-01,1.439,A,F,,,P1M,,A,,,,,,,99Q1=100,,,4,,4F0,,Australian dollar/Euro ECB reference exchange rate,"ECB reference exchange rate, Australian dollar/Euro, 2.15 pm (C.E.T.)",AUD,0
EXR.M.AUD.EUR.SP00.A,M,AUD,EUR,SP00,A,2015-02,1.456765,A,F,,,P1M,,A,,,,,,,99Q1=100,,,4,,4F0,,Australian dollar/Euro ECB reference exchange rate,"ECB reference exchange rate, Australian dollar/Euro, 2.15 pm (C.E.T.)",AUD,0
EXR.M.AUD.EUR.SP00.A,M,AUD,EUR,SP00,A,2015-03,1.4007636363636,A,F,,,P1M,,A,,,,,,,99Q1=100,,,4,,4F0,,Australian dollar/Euro ECB reference exchange rate,"ECB reference exchange rate, Australian dollar/Euro, 2.15 pm (C.E.T.)",AUD,0
EXR.M.AUD.EUR.SP00.A,M,AUD,EUR,SP00,A,2015-04,1.39391,A,F,,,P1M,,A,,,,,,,99Q1=100,,,4,,4F0,,Australian dollar/Euro ECB reference exchange rate,"ECB reference exchange rate, Australian dollar/Euro, 2.15 pm (C.E.T.)",AUD,0
EXR.M.AUD.EUR.SP00.A,M,AUD,EUR,SP00,A,2015-05,1.41228,A,F,,,P1M,,A,,,,,,,99Q1=100,,,4,,4F0,,Australian dollar/Euro ECB reference exchange rate,"ECB reference exchange rate, Australian dollar/Euro, 2.15 pm (C.E.T.)",AUD,0
EXR.M.AUD.EUR.SP00.A,M,AUD,EUR,SP00,A,2015-06,1.4529772727273,A,F,,,P1M,,A,,,,,,,99Q1=100,,,4,,4F0,,Australian dollar/Euro ECB reference exchange rate,"ECB reference exchange rate, Australian dollar/Euro, 2.15 pm (C.E.T.)",AUD,0
EXR.M.AUD.EUR.SP00.A,M,AUD,EUR,SP00,A,2015-07,1.4844347826087,A,F,,,P1M,,A,,,,,,,99Q1=100,,,4,,4F0,,Australian dollar/Euro ECB reference exchange rate,"ECB reference exchange rate, Australian dollar/Euro, 2.15 pm (C.E.T.)",AUD,0
EXR.M.AUD.EUR.SP00.A,M,AUD,EUR,SP00,A,2015-08,1.5269285714286,A,F,,,P1M,,A,,,,,,,99Q1=100,,,4,,4F0,,Australian dollar/Euro ECB reference exchange rate,"ECB reference exchange rate, Australian dollar/Euro, 2.15 pm (C.E.T.)",AUD,0
EXR.M.AUD.EUR.SP00.A,M,AUD,EUR,SP00,A,2015-09,1.59,A,F,,,P1M,,A,,,,,,,99Q1=100,,,4,,4F0,,Australian dollar/Euro ECB reference exchange rate,"ECB reference exchange rate, Australian dollar/Euro, 2.15 pm (C.E.T.)",AUD,0
EXR.M.AUD.EUR.SP00.A,M,AUD,EUR,SP00,A,2015-10,1.5585772727273,A,F,,,P1M,,A,,,,,,,99Q1=100,,,4,,4F0,,Australian dollar/Euro ECB reference exchange rate,"ECB reference exchange rate, Australian dollar/Euro, 2.15 pm (C.E.T.)",AUD,0
EXR.M.AUD.EUR.SP00.A,M,AUD,EUR,SP00,A,2015-11,1.5011428571429,A,F,,,P1M,,A,,,,,,,99Q1=100,,,4,,4F0,,Australian dollar/Euro ECB reference exchange rate,"ECB reference exchange rate, Australian dollar/Euro, 2.15 pm (C.E.T.)",AUD,0
EXR.M.AUD.EUR.SP00.A,M,AUD,EUR,SP00,A,2015-12,1.5009363636364,A,F,,,P1M,,A,,,,,,,99Q1=100,,,4,,4F0,,Australian dollar/Euro ECB reference exchange rate,"ECB reference exchange rate, Australian dollar/Euro, 2.15 pm (C.E.T.)",AUD,0
EXR.M.AUD.EUR.SP00.A,M,AUD,EUR,SP00,A,2016-01,1.55097,A,F,,,P1M,,A,,,,,,,99Q1=100,,,4,,4F0,,Australian dollar/Euro ECB reference exchange rate,"ECB reference exchange rate, Australian dollar/Euro, 2.15 pm (C.E.T.)",AUD,0
EXR.M.AUD.EUR.SP00.A,M,AUD,EUR,SP00,A,2016-02,1.5555714285714,A,F,,,P1M,,A,,,,,,,99Q1=100,,,4,,4F0,,Australian dollar/Euro ECB reference exchange rate,"ECB reference exchange rate, Australian dollar/Euro, 2.15 pm (C.E.T.)",AUD,0
EXR.M.AUD.EUR.SP00.A,M,AUD,EUR,SP00,A,2016-03,1.4822952380952,A,F,,,P1M,,A,,,,,,,99Q1=100,,,4,,4F0,,Australian dollar/Euro ECB reference exchange rate,"ECB reference exchange rate, Australian dollar/Euro, 2.15 pm (C.E.T.)",AUD,0
EXR.M.AUD.EUR.SP00.A,M,AUD,EUR,SP00,A,2016-04,1.480219047619,A,F,,,P1M,,A,,,,,,,99Q1=100,,,4,,4F0,,Australian dollar/Euro ECB reference exchange rate,"ECB reference exchange rate, Australian dollar/Euro, 2.15 pm (C.E.T.)",AUD,0
EXR.M.AUD.EUR.SP00.A,M,AUD,EUR,SP00,A,2016-05,1.5460545454545,A,F,,,P1M,,A,,,,,,,99Q1=100,,,4,,4F0,,Australian dollar/Euro ECB reference exchange rate,"ECB reference exchange rate, Australian dollar/Euro, 2.15 pm (C.E.T.)",AUD,0
EXR.M.AUD.EUR.SP00.A,M,AUD,EUR,SP00,A,2016-06,1.5172545454545,A,F,,,P1M,,A,,,,,,,99Q1=100,,,4,,4F0,,Australian dollar/Euro ECB reference exchange rate,"ECB reference exchange rate, Australian dollar/Euro, 2.15 pm (C.E.T.)",AUD,0
EXR.M.AUD.EUR.SP00.A,M,AUD,EUR,SP00,A,2016-07,1.469380952381,A,F,,,P1M,,A,,,,,,,99Q1=100,,,4,,4F0,,Australian dollar/Euro ECB reference exchange rate,"ECB reference exchange rate, Australian dollar/Euro, 2.15 pm (C.E.T.)",AUD,0
EXR.M.AUD.EUR.SP00.A,M,AUD,EUR,SP00,A,2016-08,1.4690173913043,A,F,,,P1M,,A,,,,,,,99Q1=100,,,4,,4F0,,Australian dollar/Euro ECB reference exchange rate,"ECB reference exchange rate, Australian dollar/Euro, 2.15 pm (C.E.T.)",AUD,0
EXR.M.AUD.EUR.SP00.A,M,AUD,EUR,SP00,A,2016-09,1.4767681818182,A,F,,,P1M,,A,,,,,,,99Q1=100,,,4,,4F0,,Australian dollar/Euro ECB reference exchange rate,"ECB reference exchange rate, Australian dollar/Euro, 2.15 pm (C.E.T.)",AUD,0
EXR.M.AUD.EUR.SP00.A,M,AUD,EUR,SP00,A,2016-10,1.4469904761905,A,F,,,P1M,,A,,,,,,,99Q1=100,,,4,,4F0,,Australian dollar/Euro ECB reference exchange rate,"ECB reference exchange rate, Australian dollar/Euro, 2.15 pm (C.E.T.)",AUD,0
EXR.M.AUD.EUR.SP00.A,M,AUD,EUR,SP00,A,2016-11,1.4331090909091,A,F,,,P1M,,A,,,,,,,99Q1=100,,,4,,4F0,,Australian dollar/Euro ECB reference exchange rate,"ECB reference exchange rate, Australian dollar/Euro, 2.15 pm (C.E.T.)",AUD,0
EXR.M.AUD.EUR.SP00.A,M,AUD,EUR,SP00,A,2016-12,1.435619047619,A,F,,,P1M,,A,,,,,,,99Q1=100,,,4,,4F0,,Australian dollar/Euro ECB reference exchange rate,"ECB reference exchange rate, Australian dollar/Euro, 2.15 pm (C.E.T.)",AUD,0
EXR.M.AUD.EUR.SP00.A,M,AUD,EUR,SP00,A,2017-01,1.4251590909091,A,F,,,P1M,,A,,,,,,,99Q1=100,,,4,,4F0,,Australian dollar/Euro ECB reference exchange rate,"ECB reference exchange rate, Australian dollar/Euro, 2.15 pm (C.E.T.)",AUD,0
EXR.M.AUD.EUR.SP00.A,M,AUD,EUR,SP00,A,2017-02,1.388645,A,F,,,P1M,,A,,,,,,,99Q1=100,,,4,,4F0,,Australian dollar/Euro ECB reference exchange rate,"ECB reference exchange rate, Australian dollar/Euro, 2.15 pm (C.E.T.)",AUD,0
EXR.M.AUD.EUR.SP00.A,M,AUD,EUR,SP00,A,2017-03,1.401752173913,A,F,,,P1M,,A,,,,,,,99Q1=100,,,4,,4F0,,Australian dollar/Euro ECB reference exchange rate,"ECB reference exchange rate, Australian dollar/Euro, 2.15 pm (C.E.T.)",AUD,0
EXR.M.AUD.EUR.SP00.A,M,AUD,EUR,SP00,A,2017-04,1.4240777777778,A,F,,,P1M,,A,,,,,,,99Q1=100,,,4,,4F0,,Australian dollar/Euro ECB reference exchange rate,"ECB reference exchange rate, Australian dollar/Euro, 2.15 pm (C.E.T.)",AUD,0
EXR.M.AUD.EUR.SP00.A,M,AUD,EUR,SP00,A,2017-05,1.4878090909091,A,F,,,P1M,,A,,,,,,,99Q1=100,,,4,,4F0,,Australian dollar/Euro ECB reference exchange rate,"ECB reference exchange rate, Australian dollar/Euro, 2.15 pm (C.E.T.)",AUD,0
EXR.M.AUD.EUR.SP00.A,M,AUD,EUR,SP00,A,2017-06,1.4860772727273,A,F,,,P1M,,A,,,,,,,99Q1=100,,,4,,4F0,,Australian dollar/Euro ECB reference exchange rate,"ECB reference exchange rate, Australian dollar/Euro, 2.15 pm (C.E.T.)",AUD,0
EXR.M.AUD.EUR.SP00.A,M,AUD,EUR,SP00,A,2017-07,1.4771857142857,A,F,,,P1M,,A,,,,,,,99Q1=100,,,4,,4F0,,Australian dollar/Euro ECB reference exchange rate,"ECB reference exchange rate, Australian dollar/Euro, 2.15 pm (C.E.T.)",AUD,0
EXR.M.AUD.EUR.SP00.A,M,AUD,EUR,SP00,A,2017-08,1.4919173913043,A,F,,,P1M,,A,,,,,,,99Q1=100,,,4,,4F0,,Australian dollar/Euro ECB reference exchange rate,"ECB reference exchange rate, Australian dollar/Euro, 2.15 pm (C.E.T.)",AUD,0
EXR.M.AUD.EUR.SP00.A,M,AUD,EUR,SP00,A,2017-09,1.4946380952381,A,F,,,P1M,,A,,,,,,,99Q1=100,,,4,,4F0,,Australian dollar/Euro ECB reference exchange rate,"ECB reference exchange rate, Australian dollar/Euro, 2.15 pm (C.E.T.)",AUD,0
EXR.M.AUD.EUR.SP00.A,M,AUD,EUR,SP00,A,2017-10,1.5099090909091,A,F,,,P1M,,A,,,,,,,99Q1=100,,,4,,4F0,,Australian dollar/Euro ECB reference exchange rate,"ECB reference exchange rate, Australian dollar/Euro, 2.15 pm (C.E.T.)",AUD,0
EXR.M.AUD.EUR.SP00.A,M,AUD,EUR,SP00,A,2017-11,1.5394590909091,A,F,,,P1M,,A,,,,,,,99Q1=100,,,4,,4F0,,Australian dollar/Euro ECB reference exchange rate,"ECB reference exchange rate, Australian dollar/Euro, 2.15 pm (C.E.T.)",AUD,0
EXR.M.AUD.EUR.SP00.A,M,AUD,EUR,SP00,A,2017-12,1.5486052631579,A,F,,,P1M,,A,,,,,,,99Q1=100,,,4,,4F0,,Australian dollar/Euro ECB reference exchange rate,"ECB reference exchange rate, Australian dollar/Euro, 2.15 pm (C.E.T.)",AUD,0
EXR.M.AUD.EUR.SP00.A,M,AUD,EUR,SP00,A,2018-01,1.5339681818182,A,F,,,P1M,,A,,,,,,,99Q1=100,,,4,,4F0,,Australian dollar/Euro ECB reference exchange rate,"ECB reference exchange rate, Australian dollar/Euro, 2.15 pm (C.E.T.)",AUD,0
EXR.M.AUD.EUR.SP00.A,M,AUD,EUR,SP00,A,2018-02,1.568395,A,F,,,P1M,,A,,,,,,,99Q1=100,,,4,,4F0,,Australian dollar/Euro ECB reference exchange rate,"ECB reference exchange rate, Australian dollar/Euro, 2.15 pm (C.E.T.)",AUD,0
EXR.M.AUD.EUR.SP00.A,M,AUD,EUR,SP00,A,2018-03,1.5889238095238,A,F,,,P1M,,A,,,,,,,99Q1=100,,,4,,4F0,,Australian dollar/Euro ECB reference exchange rate,"ECB reference exchange rate, Australian dollar/Euro, 2.15 pm (C.E.T.)",AUD,0
EXR.M.AUD.EUR.SP00.A,M,AUD,EUR,SP00,A,2018-04,1.59718,A,F,,,P1M,,A,,,,,,,99Q1=100,,,4,,4F0,,Australian dollar/Euro ECB reference exchange rate,"ECB reference exchange rate, Australian dollar/Euro, 2.15 pm (C.E.T.)",AUD,0
EXR.M.AUD.EUR.SP00.A,M,AUD,EUR,SP00,A,2018-05,1.5694954545455,A,F,,,P1M,,A,,,,,,,99Q1=100,,,4,,4F0,,Australian dollar/Euro ECB reference exchange rate,"ECB reference exchange rate, Australian dollar/Euro, 2.15 pm (C.E.T.)",AUD,0
EXR.M.AUD.EUR.SP00.A,M,AUD,EUR,SP00,A,2018-06,1.5578619047619,A,F,,,P1M,,A,,,,,,,99Q1=100,,,4,,4F0,,Australian dollar/Euro ECB reference exchange rate,"ECB reference exchange rate, Australian dollar/Euro, 2.15 pm (C.E.T.)",AUD,0
EXR.M.AUD.EUR.SP00.A,M,AUD,EUR,SP00,A,2018-07,1.5791954545455,A,F,,,P1M,,A,,,,,,,99Q1=100,,,4,,4F0,,Australian dollar/Euro ECB reference exchange rate,"ECB reference exchange rate, Australian dollar/Euro, 2.15 pm (C.E.T.)",AUD,0
EXR.M.AUD.EUR.SP00.A,M,AUD,EUR,SP00,A,2018-08,1.576247826087,A,F,,,P1M,,A,,,,,,,99Q1=100,,,4,,4F0,,Australian dollar/Euro ECB reference exchange rate,"ECB reference exchange rate, Australian dollar/Euro, 2.15 pm (C.E.T.)",AUD,0
EXR.M.AUD.EUR.SP00.A,M,AUD,EUR,SP00,A,2018-09,1.618915,A,F,,,P1M,,A,,,,,,,99Q1=100,,,4,,4F0,,Australian dollar/Euro ECB reference exchange rate,"ECB reference exchange rate, Australian dollar/Euro, 2.15 pm (C.E.T.)",AUD,0
EXR.M.AUD.EUR.SP00.A,M,AUD,EUR,SP00,A,2018-10,1.6158260869565,A,F,,,P1M,,A,,,,,,,99Q1=100,,,4,,4F0,,Australian dollar/Euro ECB reference exchange rate,"ECB reference exchange rate, Australian dollar/Euro, 2.15 pm (C.E.T.)",AUD,0
EXR.M.AUD.EUR.SP00.A,M,AUD,EUR,SP00,A,2018-11,1.56805,A,F,,,P1M,,A,,,,,,,99Q1=100,,,4,,4F0,,Australian dollar/Euro ECB reference exchange rate,"ECB reference exchange rate, Australian dollar/Euro, 2.15 pm (C.E.T.)",AUD,0
EXR.M.AUD.EUR.SP00.A,M,AUD,EUR,SP00,A,2018-12,1.5848526315789,A,F,,,P1M,,A,,,,,,,99Q1=100,,,4,,4F0,,Australian dollar/Euro ECB reference exchange rate,"ECB reference exchange rate, Australian dollar/Euro, 2.15 pm (C.E.T.)",AUD,0
EXR.M.AUD.EUR.SP00.A,M,AUD,EUR,SP00,A,2019-01,1.5975136363636,A,F,,,P1M,,A,,,,,,,99Q1=100,,,4,,4F0,,Australian dollar/Euro ECB reference exchange rate,"ECB reference exchange rate, Australian dollar/Euro, 2.15 pm (C.E.T.)",AUD,0
EXR.M.AUD.EUR.SP00.A,M,AUD,EUR,SP00,A,2019-02,1.5895,A,F,,,P1M,,A,,,,,,,99Q1=100,,,4,,4F0,,Australian dollar/Euro ECB reference exchange rate,"ECB reference exchange rate, Australian dollar/Euro, 2.15 pm (C.E.T.)",AUD,0
EXR.M.AUD.EUR.SP00.A,M,AUD,EUR,SP00,A,2019-03,1.5958904761905,A,F,,,P1M,,A,,,,,,,99Q1=100,,,4,,4F0,,Australian dollar/Euro ECB reference exchange rate,"ECB reference exchange rate, Australian dollar/Euro, 2.15 pm (C.E.T.)",AUD,0
EXR.M.AUD.EUR.SP00.A,M,AUD,EUR,SP00,A,2019-04,1.580175,A,F,,,P1M,,A,,,,,,,99Q1=100,,,4,,4F0,,Australian dollar/Euro ECB reference exchange rate,"ECB reference exchange rate, Australian dollar/Euro, 2.15 pm (C.E.T.)",AUD,0
EXR.M.AUD.EUR.SP00.A,M,AUD,EUR,SP00,A,2019-05,1.6116409090909,A,F,,,P1M,,A,,,,,,,99Q1=100,,,4,,4F0,,Australian dollar/Euro ECB reference exchange rate,"ECB reference exchange rate, Australian dollar/Euro, 2.15 pm (C.E.T.)",AUD,0
EXR.M.AUD.EUR.SP00.A,M,AUD,EUR,SP00,A,2019-06,1.62643,A,F,,,P1M,,A,,,,,,,99Q1=100,,,4,,4F0,,Australian dollar/Euro ECB reference exchange rate,"ECB reference exchange rate, Australian dollar/Euro, 2.15 pm (C.E.T.)",AUD,0
EXR.M.AUD.EUR.SP00.A,M,AUD,EUR,SP00,A,2019-07,1.6061217391304,A,F,,,P1M,,A,,,,,,,99Q1=100,,,4,,4F0,,Australian dollar/Euro ECB reference exchange rate,"ECB reference exchange rate, Australian dollar/Euro, 2.15 pm (C.E.T.)",AUD,0
EXR.M.AUD.EUR.SP00.A,M,AUD,EUR,SP00,A,2019-08,1.6430818181818,A,F,,,P1M,,A,,,,,,,99Q1=100,,,4,,4F0,,Australian dollar/Euro ECB reference exchange rate,"ECB reference exchange rate, Australian dollar/Euro, 2.15 pm (C.E.T.)",AUD,0
EXR.M.AUD.EUR.SP00.A,M,AUD,EUR,SP00,A,2019-09,1.6161761904762,A,F,,,P1M,,A,,,,,,,99Q1=100,,,4,,4F0,,Australian dollar/Euro ECB reference exchange rate,"ECB reference exchange rate, Australian dollar/Euro, 2.15 pm (C.E.T.)",AUD,0
EXR.M.AUD.EUR.SP00.A,M,AUD,EUR,SP00,A,2019-10,1.6270695652174,A,F,,,P1M,,A,,,,,,,99Q1=100,,,4,,4F0,,Australian dollar/Euro ECB reference exchange rate,"ECB reference exchange rate, Australian dollar/Euro, 2.15 pm (C.E.T.)",AUD,0
EXR.M.AUD.EUR.SP00.A,M,AUD,EUR,SP00,A,2019-11,1.6180523809524,A,F,,,P1M,,A,,,,,,,99Q1=100,,,4,,4F0,,Australian dollar/Euro ECB reference exchange rate,"ECB reference exchange rate, Australian dollar/Euro, 2.15 pm (C.E.T.)",AUD,0
EXR.M.AUD.EUR.SP00.A,M,AUD,EUR,SP00,A,2019-12,1.615375,A,F,,,P1M,,A,,,,,,,99Q1=100,,,4,,4F0,,Australian dollar/Euro ECB reference exchange rate,"ECB reference exchange rate, Australian dollar/Euro, 2.15 pm (C.E.T.)",AUD,0
EXR.M.AUD.EUR.SP00.A,M,AUD,EUR,SP00,A,2020-01,1.6188909090909,A,F,,,P1M,,A,,,,,,,99Q1=100,,,4,,4F0,,Australian dollar/Euro ECB reference exchange rate,"ECB reference exchange rate, Australian dollar/Euro, 2.15 pm (C.E.T.)",AUD,0
EXR.M.AUD.EUR.SP00.A,M,AUD,EUR,SP00,A,2020-02,1.63558,A,F,,,P1M,,A,,,,,,,99Q1=100,,,4,,4F0,,Australian dollar/Euro ECB reference exchange rate,"ECB reference exchange rate, Australian dollar/Euro, 2.15 pm (C.E.T.)",AUD,0
EXR.M.AUD.EUR.SP00.A,M,AUD,EUR,SP00,A,2020-03,1.7788363636364,A,F,,,P1M,,A,,,,,,,99Q1=100,,,4,,4F0,,Australian dollar/Euro ECB reference exchange rate,"ECB reference exchange rate, Australian dollar/Euro, 2.15 pm (C.E.T.)",AUD,0
EXR.M.AUD.EUR.SP00.A,M,AUD,EUR,SP00,A,2020-04,1.7271,A,F,,,P1M,,A,,,,,,,99Q1=100,,,4,,4F0,,Australian dollar/Euro ECB reference exchange rate,"ECB reference exchange rate, Australian dollar/Euro, 2.15 pm (C.E.T.)",AUD,0
EXR.M.AUD.EUR.SP00.A,M,AUD,EUR,SP00,A,2020-05,1.67236,A,F,,,P1M,,A,,,,,,,99Q1=100,,,4,,4F0,,Australian dollar/Euro ECB reference exchange rate,"ECB reference exchange rate, Australian dollar/Euro, 2.15 pm (C.E.T.)",AUD,0
EXR.M.AUD.EUR.SP00.A,M,AUD,EUR,SP00,A,2020-06,1.6322318181818,A,F,,,P1M,,A,,,,,,,99Q1=100,,,4,,4F0,,Australian dollar/Euro ECB reference exchange rate,"ECB reference exchange rate, Australian dollar/Euro, 2.15 pm (C.E.T.)",AUD,0
EXR.M.AUD.EUR.SP00.A,M,AUD,EUR,SP00,A,2020-07,1.6303695652174,A,F,,,P1M,,A,,,,,,,99Q1=100,,,4,,4F0,,Australian dollar/Euro ECB reference exchange rate,"ECB reference exchange rate, Australian dollar/Euro, 2.15 pm (C.E.T.)",AUD,0
EXR.M.AUD.EUR.SP00.A,M,AUD,EUR,SP00,A,2020-08,1.643280952381,A,F,,,P1M,,A,,,,,,,99Q1=100,,,4,,4F0,,Australian dollar/Euro ECB reference exchange rate,"ECB reference exchange rate, Australian dollar/Euro, 2.15 pm (C.E.T.)",AUD,0
EXR.M.AUD.EUR.SP00.A,M,AUD,EUR,SP00,A,2020-09,1.6307363636364,A,F,,,P1M,,A,,,,,,,99Q1=100,,,4,,4F0,,Australian dollar/Euro ECB reference exchange rate,"ECB reference exchange rate, Australian dollar/Euro, 2.15 pm (C.E.T.)",AUD,0
EXR.M.AUD.EUR.SP00.A,M,AUD,EUR,SP00,A,2020-10,1.6521,A,F,,,P1M,,A,,,,,,,99Q1=100,,,4,,4F0,,Australian dollar/Euro ECB reference exchange rate,"ECB reference exchange rate, Australian dollar/Euro, 2.15 pm (C.E.T.)",AUD,0
EXR.M.AUD.EUR.SP00.A,M,AUD,EUR,SP00,A,2020-11,1.626580952381,A,F,,,P1M,,A,,,,,,,99Q1=100,,,4,,4F0,,Australian dollar/Euro ECB reference exchange rate,"ECB reference exchange rate, Australian dollar/Euro, 2.15 pm (C.E.T.)",AUD,0
EXR.M.AUD.EUR.SP00.A,M,AUD,EUR,SP00,A,2020-12,1.6166454545455,A,F,,,P1M,,A,,,,,,,99Q1=100,,,4,,4F0,,Australian dollar/Euro ECB reference exchange rate,"ECB reference exchange rate, Australian dollar/Euro, 2.15 pm (C.E.T.)",AUD,0
EXR.M.AUD.EUR.SP00.A,M,AUD,EUR,SP00,A,2021-01,1.576415,A,F,,,P1M,,A,,,,,,,99Q1=100,,,4,,4F0,,Australian dollar/Euro ECB reference exchange rate,"ECB reference exchange rate, Australian dollar/Euro, 2.15 pm (C.E.T.)",AUD,0
EXR.M.AUD.EUR.SP00.A,M,AUD,EUR,SP00,A,2021-02,1.560485,A,F,,,P1M,,A,,,,,,,99Q1=100,,,4,,4F0,,Australian dollar/Euro ECB reference exchange rate,"ECB reference exchange rate, Australian dollar/Euro, 2.15 pm (C.E.T.)",AUD,0
EXR.M.AUD.EUR.SP00.A,M,AUD,EUR,SP00,A,2021-03,1.5444130434783,A,F,,,P1M,,A,,,,,,,99Q1=100,,,4,,4F0,,Australian dollar/Euro ECB reference exchange rate,"ECB reference exchange rate, Australian dollar/Euro, 2.15 pm (C.E.T.)",AUD,0
EXR.M.AUD.EUR.SP00.A,M,AUD,EUR,SP00,A,2021-04,1.55442,A,F,,,P1M,,A,,,,,,,99Q1=100,,,4,,4F0,,Australian dollar/Euro ECB reference exchange rate,"ECB reference exchange rate, Australian dollar/Euro, 2.15 pm (C.E.T.)",AUD,0
EXR.M.AUD.EUR.SP00.A,M,AUD,EUR,SP00,A,2021-05,1.5653095238095,A,F,,,P1M,,A,,,,,,,99Q1=100,,,4,,4F0,,Australian dollar/Euro ECB reference exchange rate,"ECB reference exchange rate, Australian dollar/Euro, 2.15 pm (C.E.T.)",AUD,0
EXR.M.AUD.EUR.SP00.A,M,AUD,EUR,SP00,A,2021-06,1.5761,A,F,,,P1M,,A,,,,,,,99Q1=100,,,4,,4F0,,Australian dollar/Euro ECB reference exchange rate,"ECB reference exchange rate, Australian dollar/Euro, 2.15 pm (C.E.T.)",AUD,0
EXR.M.AUD.EUR.SP00.A,M,AUD,EUR,SP00,A,2021-07,1.59255,A,F,,,P1M,,A,,,,,,,99Q1=100,,,4,,4F0,,Australian dollar/Euro ECB reference exchange rate,"ECB reference exchange rate, Australian dollar/Euro, 2.15 pm (C.E.T.)",AUD,0
EXR.M.AUD.EUR.SP00.A,M,AUD,EUR,SP00,A,2021-08,1.6117909090909,A,F,,,P1M,,A,,,,,,,99Q1=100,,,4,,4F0,,Australian dollar/Euro ECB reference exchange rate,"ECB reference exchange rate, Australian dollar/Euro, 2.15 pm (C.E.T.)",AUD,0
EXR.M.AUD.EUR.SP00.A,M,AUD,EUR,SP00,A,2021-09,1.6086636363636,A,F,,,P1M,,A,,,,,,,99Q1=100,,,4,,4F0,,Australian dollar/Euro ECB reference exchange rate,"ECB reference exchange rate, Australian dollar/Euro, 2.15 pm (C.E.T.)",AUD,0
EXR.M.AUD.EUR.SP00.A,M,AUD,EUR,SP00,A,2021-10,1.566919047619,A,F,,,P1M,,A,,,,,,,99Q1=100,,,4,,4F0,,Australian dollar/Euro ECB reference exchange rate,"ECB reference exchange rate, Australian dollar/Euro, 2.15 pm (C.E.T.)",AUD,0
EXR.M.AUD.EUR.SP00.A,M,AUD,EUR,SP00,A,2021-11,1.5615272727273,A,F,,,P1M,,A,,,,,,,99Q1=100,,,4,,4F0,,Australian dollar/Euro ECB reference exchange rate,"ECB reference exchange rate, Australian dollar/Euro, 2.15 pm (C.E.T.)",AUD,0
EXR.M.AUD.EUR.SP00.A,M,AUD,EUR,SP00,A,2021-12,1.5781043478261,A,F,,,P1M,,A,,,,,,,99Q1=100,,,4,,4F0,,Australian dollar/Euro ECB reference exchange rate,"ECB reference exchange rate, Australian dollar/Euro, 2.15 pm (C.E.T.)",AUD,0
EXR.M.AUD.EUR.SP00.A,M,AUD,EUR,SP00,A,2022-01,1.5769761904762,A,F,,,P1M,,A,,,,,,,99Q1=100,,,4,,4F0,,Australian dollar/Euro ECB reference exchange rate,"ECB reference exchange rate, Australian dollar/Euro, 2.15 pm (C.E.T.)",AUD,0
EXR.M.AUD.EUR.SP00.A,M,AUD,EUR,SP00,A,2022-02,1.582495,A,F,,,P1M,,A,,,,,,,99Q1=100,,,4,,4F0,,Australian dollar/Euro ECB reference exchange rate,"ECB reference exchange rate, Australian dollar/Euro, 2.15 pm (C.E.T.)",AUD,0
EXR.M.AUD.EUR.SP00.A,M,AUD,EUR,SP00,A,2022-03,1.4946304347826,A,F,,,P1M,,A,,,,,,,99Q1=100,,,4,,4F0,,Australian dollar/Euro ECB reference exchange rate,"ECB reference exchange rate, Australian dollar/Euro, 2.15 pm (C.E.T.)",AUD,0
EXR.M.AUD.EUR.SP00.A,M,AUD,EUR,SP00,A,2022-04,1.4663368421053,A,F,,,P1M,,A,,,,,,,99Q1=100,,,4,,4F0,,Australian dollar/Euro ECB reference exchange rate,"ECB reference exchange rate, Australian dollar/Euro, 2.15 pm (C.E.T.)",AUD,0
EXR.M.AUD.EUR.SP00.A,M,AUD,EUR,SP00,A,2022-05,1.4995272727273,A,F,,,P1M,,A,,,,,,,99Q1=100,,,4,,4F0,,Australian dollar/Euro ECB reference exchange rate,"ECB reference exchange rate, Australian dollar/Euro, 2.15 pm (C.E.T.)",AUD,0
EXR.M.AUD.EUR.SP00.A,M,AUD,EUR,SP00,A,2022-06,1.5043818181818,A,F,,,P1M,,A,,,,,,,99Q1=100,,,4,,4F0,,Australian dollar/Euro ECB reference exchange rate,"ECB reference exchange rate, Australian dollar/Euro, 2.15 pm (C.E.T.)",AUD,0
EXR.M.AUD.EUR.SP00.A,M,AUD,EUR,SP00,A,2022-07,1.4856476190476,A,F,,,P1M,,A,,,,,,,99Q1=100,,,4,,4F0,,Australian dollar/Euro ECB reference exchange rate,"ECB reference exchange rate, Australian dollar/Euro, 2.15 pm (C.E.T.)",AUD,0
EXR.M.AUD.EUR.SP00.A,M,AUD,EUR,SP00,A,2022-08,1.4549869565217,A,F,,,P1M,,A,,,,,,,99Q1=100,,,4,,4F0,,Australian dollar/Euro ECB reference exchange rate,"ECB reference exchange rate, Australian dollar/Euro, 2.15 pm (C.E.T.)",AUD,0
EXR.M.AUD.EUR.SP00.A,M,AUD,EUR,SP00,A,2022-09,1.4819590909091,A,F,,,P1M,,A,,,,,,,99Q1=100,,,4,,4F0,,Australian dollar/Euro ECB reference exchange rate,"ECB reference exchange rate, Australian dollar/Euro, 2.15 pm (C.E.T.)",AUD,0
EXR.M.AUD.EUR.SP00.A,M,AUD,EUR,SP00,A,2022-10,1.5473714285714,A,F,,,P1M,,A,,,,,,,99Q1=100,,,4,,4F0,,Australian dollar/Euro ECB reference exchange rate,"ECB reference exchange rate, Australian dollar/Euro, 2.15 pm (C.E.T.)",AUD,0
EXR.M.AUD.EUR.SP00.A,M,AUD,EUR,SP00,A,2022-11,1.5454727272727,A,F,,,P1M,,A,,,,,,,99Q1=100,,,4,,4F0,,Australian dollar/Euro ECB reference exchange rate,"ECB reference exchange rate, Australian dollar/Euro, 2.15 pm (C.E.T.)",AUD,0
EXR.M.AUD.EUR.SP00.A,M,AUD,EUR,SP00,A,2022-12,1.568519047619,A,F,,,P1M,,A,,,,,,,99Q1=100,,,4,,4F0,,Australian dollar/Euro ECB reference exchange rate,"ECB reference exchange rate, Australian dollar/Euro, 2.15 pm (C.E.T.)",AUD,0
EXR.M.AUD.EUR.SP00.A,M,AUD,EUR,SP00,A,2023-01,1.5522636363636,A,F,,,P1M,,A,,,,,,,99Q1=100,,,4,,4F0,,Australian dollar/Euro ECB reference exchange rate,"ECB reference exchange rate, Australian dollar/Euro, 2.15 pm (C.E.T.)",AUD,0
EXR.M.AUD.EUR.SP00.A,M,AUD,EUR,SP00,A,2023-02,1.55138,A,F,,,P1M,,A,,,,,,,99Q1=100,,,4,,4F0,,Australian dollar/Euro ECB reference exchange rate,"ECB reference exchange rate, Australian dollar/Euro, 2.15 pm (C.E.T.)",AUD,0
EXR.M.AUD.EUR.SP00.A,M,AUD,EUR,SP00,A,2023-03,1.6034260869565,A,F,,,P1M,,A,,,,,,,99Q1=100,,,4,,4F0,,Australian dollar/Euro ECB reference exchange rate,"ECB reference exchange rate, Australian dollar/Euro, 2.15 pm (C.E.T.)",AUD,0
EXR.M.AUD.EUR.SP00.A,M,AUD,EUR,SP00,A,2023-04,1.6388722222222,A,F,,,P1M,,A,,,,,,,99Q1=100,,,4,,4F0,,Australian dollar/Euro ECB reference exchange rate,"ECB reference exchange rate, Australian dollar/Euro, 2.15 pm (C.E.T.)",AUD,0
EXR.M.AUD.EUR.SP00.A,M,AUD,EUR,SP00,A,2023-05,1.6346045454545,A,F,,,P1M,,A,,,,,,,99Q1=100,,,4,,4F0,,Australian dollar/Euro ECB reference exchange rate,"ECB reference exchange rate, Australian dollar/Euro, 2.15 pm (C.E.T.)",AUD,0
EXR.M.AUD.EUR.SP00.A,M,AUD,EUR,SP00,A,2023-06,1.6157136363636,A,F,,,P1M,,A,,,,,,,99Q1=100,,,4,,4F0,,Australian dollar/Euro ECB reference exchange rate,"ECB reference exchange rate, Australian dollar/Euro, 2.15 pm (C.E.T.)",AUD,0
EXR.M.AUD.EUR.SP00.A,M,AUD,EUR,SP00,A,2023-07,1.6422571428571,A,F,,,P1M,,A,,,,,,,99Q1=100,,,4,,4F0,,Australian dollar/Euro ECB reference exchange rate,"ECB reference exchange rate, Australian dollar/Euro, 2.15 pm (C.E.T.)",AUD,0
EXR.M.AUD.EUR.SP00.A,M,AUD,EUR,SP00,A,2023-08,1.6818434782609,A,F,,,P1M,,A,,,,,,,99Q1=100,,,4,,4F0,,Australian dollar/Euro ECB reference exchange rate,"ECB reference exchange rate, Australian dollar/Euro, 2.15 pm (C.E.T.)",AUD,0
EXR.M.AUD.EUR.SP00.A,M,AUD,EUR,SP00,A,2023-09,1.662180952381,A,F,,,P1M,,A,,,,,,,99Q1=100,,,4,,4F0,,Australian dollar/Euro ECB reference exchange rate,"ECB reference exchange rate, Australian dollar/Euro, 2.15 pm (C.E.T.)",AUD,0
EXR.M.AUD.EUR.SP00.A,M,AUD,EUR,SP00,A,2023-10,1.6636818181818,A,F,,,P1M,,A,,,,,,,99Q1=100,,,4,,4F0,,Australian dollar/Euro ECB reference exchange rate,"ECB reference exchange rate, Australian dollar/Euro, 2.15 pm (C.E.T.)",AUD,0
EXR.M.AUD.EUR.SP00.A,M,AUD,EUR,SP00,A,2023-11,1.6633909090909,A,F,,,P1M,,A,,,,,,,99Q1=100,,,4,,4F0,,Australian dollar/Euro ECB reference exchange rate,"ECB reference exchange rate, Australian dollar/Euro, 2.15 pm (C.E.T.)",AUD,0
EXR.M.AUD.EUR.SP00.A,M,AUD,EUR,SP00,A,2023-12,1.6321105263158,A,F,,,P1M,,A,,,,,,,99Q1=100,,,4,,4F0,,Australian dollar/Euro ECB reference exchange rate,"ECB reference exchange rate, Australian dollar/Euro, 2.15 pm (C.E.T.)",AUD,0
EXR.M.AUD.EUR.SP00.A,M,AUD,EUR,SP00,A,2024-01,1.6421818181818,A,F,,,P1M,,A,,,,,,,99Q1=100,,,4,,4F0,,Australian dollar/Euro ECB reference exchange rate,"ECB reference exchange rate, Australian dollar/Euro, 2.15 pm (C.E.T.)",AUD,0
EXR.M.AUD.EUR.SP00.A,M,AUD,EUR,SP00,A,2024-02,1.6533380952381,A,F,,,P1M,,A,,,,,,,99Q1=100,,,4,,4F0,,Australian dollar/Euro ECB reference exchange rate,"ECB reference exchange rate, Australian dollar/Euro, 2.15 pm (C.E.T.)",AUD,0
EXR.M.AUD.EUR.SP00.A,M,AUD,EUR,SP00,A,2024-03,1.65858,A,F,,,P1M,,A,,,,,,,99Q1=100,,,4,,4F0,,Australian dollar/Euro ECB reference exchange rate,"ECB reference exchange rate, Australian dollar/Euro, 2.15 pm (C.E.T.)",AUD,0
EXR.M.AUD.EUR.SP00.A,M,AUD,EUR,SP00,A,2024-04,1.6469428571429,A,F,,,P1M,,A,,,,,,,99Q1=100,,,4,,4F0,,Australian dollar/Euro ECB reference exchange rate,"ECB reference exchange rate, Australian dollar/Euro, 2.15 pm (C.E.T.)",AUD,0
EXR.M.AUD.EUR.SP00.A,M,AUD,EUR,SP00,A,2024-05,1.6317227272727,A,F,,,P1M,,A,,,,,,,99Q1=100,,,4,,4F0,,Australian dollar/Euro ECB reference exchange rate,"ECB reference exchange rate, Australian dollar/Euro, 2.15 pm (C.E.T.)",AUD,0
EXR.M.AUD.EUR.SP00.A,M,AUD,EUR,SP00,A,2024-06,1.620565,A,F,,,P1M,,A,,,,,,,99Q1=100,,,4,,4F0,,Australian dollar/Euro ECB reference exchange rate,"ECB reference exchange rate, Australian dollar/Euro, 2.15 pm (C.E.T.)",AUD,0
EXR.M.AUD.EUR.SP00.A,M,AUD,EUR,SP00,A,2024-07,1.6257347826087,A,F,,,P1M,,A,,,,,,,99Q1=100,,,4,,4F0,,Australian dollar/Euro ECB reference exchange rate,"ECB reference exchange rate, Australian dollar/Euro, 2.15 pm (C.E.T.)",AUD,0
EXR.M.AUD.EUR.SP00.A,M,AUD,EUR,SP00,A,2024-08,1.6559409090909,A,F,,,P1M,,A,,,,,,,99Q1=100,,,4,,4F0,,Australian dollar/Euro ECB reference exchange rate,"ECB reference exchange rate, Australian dollar/Euro, 2.15 pm (C.E.T.)",AUD,0
EXR.M.AUD.EUR.SP00.A,M,AUD,EUR,SP00,A,2024-09,1.6398428571429,A,F,,,P1M,,A,,,,,,,99Q1=100,,,4,,4F0,,Australian dollar/Euro ECB reference exchange rate,"ECB reference exchange rate, Australian dollar/Euro, 2.15 pm (C.E.T.)",AUD,0
EXR.M.AUD.EUR.SP00.A,M,AUD,EUR,SP00,A,2024-10,1.6249565217391,A,F,,,P1M,,A,,,,,,,99Q1=100,,,4,,4F0,,Australian dollar/Euro ECB reference exchange rate,"ECB reference exchange rate, Australian dollar/Euro, 2.15 pm (C.E.T.)",AUD,0
EXR.M.AUD.EUR.SP00.A,M,AUD,EUR,SP00,A,2024-11,1.6266523809524,A,F,,,P1M,,A,,,,,,,99Q1=100,,,4,,4F0,,Australian dollar/Euro ECB reference exchange rate,"ECB reference exchange rate, Australian dollar/Euro, 2.15 pm (C.E.T.)",AUD,0
EXR.M.AUD.EUR.SP00.A,M,AUD,EUR,SP00,A,2024-12,1.652865,A,F,,,P1M,,A,,,,,,,99Q1=100,,,4,,4F0,,Australian dollar/Euro ECB reference exchange rate,"ECB reference exchange rate, Australian dollar/Euro, 2.15 pm (C.E.T.)",AUD,0
EXR.M.AUD.EUR.SP00.A,M,AUD,EUR,SP00,A,2025-01,1.6625636363636,A,F,,,P1M,,A,,,,,,,99Q1=100,,,4,,4F0,,Australian dollar/Euro ECB reference exchange rate,"ECB reference exchange rate, Australian dollar/Euro, 2.15 pm (C.E.T.)",AUD,0
EXR.M.AUD.EUR.SP00.A,M,AUD,EUR,SP00,A,2025-02,1.65281,A,F,,,P1M,,A,,,,,,,99Q1=100,,,4,,4F0,,Australian dollar/Euro ECB reference exchange rate,"ECB reference exchange rate, Australian dollar/Euro, 2.15 pm (C.E.T.)",AUD,0
EXR.M.AUD.EUR.SP00.A,M,AUD,EUR,SP00,A,2025-03,1.7158428571429,A,F,,,P1M,,A,,,,,,,99Q1=100,,,4,,4F0,,Australian dollar/Euro ECB reference exchange rate,"ECB reference exchange rate, Australian dollar/Euro, 2.15 pm (C.E.T.)",AUD,0
EXR.M.AUD.EUR.SP00.A,M,AUD,EUR,SP00,A,2025-04,1.7843499999999999,A,F,,,P1M,,A,,,,,,,99Q1=100,,,4,,4F0,,Australian dollar/Euro ECB reference exchange rate,"ECB reference exchange rate, Australian dollar/Euro, 2.15 pm (C.E.T.)",AUD,0
EXR.M.AUD.EUR.SP00.A,M,AUD,EUR,SP00,A,2025-05,1.7521476190476188,A,F,,,P1M,,A,,,,,,,99Q1=100,,,4,,4F0,,Australian dollar/Euro ECB reference exchange rate,"ECB reference exchange rate, Australian dollar/Euro, 2.15 pm (C.E.T.)",AUD,0
EXR.M.AUD.EUR.SP00.A,M,AUD,EUR,SP00,A,2025-06,1.772285714285714,A,F,,,P1M,,A,,,,,,,99Q1=100,,,4,,4F0,,Australian dollar/Euro ECB reference exchange rate,"ECB reference exchange rate, Australian dollar/Euro, 2.15 pm (C.E.T.)",AUD,0
EXR.M.AUD.EUR.SP00.A,M,AUD,EUR,SP00,A,2025-07,1.7862173913043484,A,F,,,P1M,,A,,,,,,,99Q1=100,,,4,,4F0,,Australian dollar/Euro ECB reference exchange rate,"ECB reference exchange rate, Australian dollar/Euro, 2.15 pm (C.E.T.)",AUD,0
EXR.M.AUD.EUR.SP00.A,M,AUD,EUR,SP00,A,2025-08,1.7920190476190472,A,F,,,P1M,,A,,,,,,,99Q1=100,,,4,,4F0,,Australian dollar/Euro ECB reference exchange rate,"ECB reference exchange rate, Australian dollar/Euro, 2.15 pm (C.E.T.)",AUD,0
EXR.M.AUD.EUR.SP00.A,M,AUD,EUR,SP00,A,2025-09,1.7794909090909092,A,F,,,P1M,,A,,,,,,,99Q1=100,,,4,,4F0,,Australian dollar/Euro ECB reference exchange rate,"ECB reference exchange rate, Australian dollar/Euro, 2.15 pm (C.E.T.)",AUD,0
EXR.M.AUD.EUR.SP00.A,M,AUD,EUR,SP00,A,2025-10,1.7780521739130442,A,F,,,P1M,,A,,,,,,,99Q1=100,,,4,,4F0,,Australian dollar/Euro ECB reference exchange rate,"ECB reference exchange rate, Australian dollar/Euro, 2.15 pm (C.E.T.)",AUD,0
EXR.M.AUD.EUR.SP00.A,M,AUD,EUR,SP00,A,2025-11,1.7771700000000004,A,F,,,P1M,,A,,,,,,,99Q1=100,,,4,,4F0,,Australian dollar/Euro ECB reference exchange rate,"ECB reference exchange rate, Australian dollar/Euro, 2.15 pm (C.E.T.)",AUD,0
EXR.M.AUD.EUR.SP00.A,M,AUD,EUR,SP00,A,2025-12,1.7633619047619047,A,F,,,P1M,,A,,,,,,,99Q1=100,,,4,,4F0,,Australian dollar/Euro ECB reference exchange rate,"ECB reference exchange rate, Australian dollar/Euro, 2.15 pm (C.E.T.)",AUD,0
EXR.M.AUD.EUR.SP00.A,M,AUD,EUR,SP00,A,2026-01,1.7304190476190475,A,F,,,P1M,,A,,,,,,,99Q1=100,,,4,,4F0,,Australian dollar/Euro ECB reference exchange rate,"ECB reference exchange rate, Australian dollar/Euro, 2.15 pm (C.E.T.)",AUD,0
EXR.M.AUD.EUR.SP00.A,M,AUD,EUR,SP00,A,2026-02,1.6762899999999998,A,F,,,P1M,,A,,,,,,,99Q1=100,,,4,,4F0,,Australian dollar/Euro ECB reference exchange rate,"ECB reference exchange rate, Australian dollar/Euro, 2.15 pm (C.E.T.)",AUD,0
EXR.M.AUD.EUR.SP00.A,M,AUD,EUR,SP00,A,2026-03,1.646990909090909,A,F,,,P1M,,A,,,,,,,99Q1=100,,,4,,4F0,,Australian dollar/Euro ECB reference exchange rate,"ECB reference exchange rate, Australian dollar/Euro, 2.15 pm (C.E.T.)",AUD,0
EXR.M.AUD.EUR.SP00.A,M,AUD,EUR,SP00,A,2026-04,1.6489199999999997,A,F,,,P1M,,A,,,,,,,99Q1=100,,,4,,4F0,,Australian dollar/Euro ECB reference exchange rate,"ECB reference exchange rate, Australian dollar/Euro, 2.15 pm (C.E.T.)",AUD,0
EXR.M.AUD.EUR.SP00.A,M,AUD,EUR,SP00,A,2026-05,1.625765,A,F,,,P1M,,A,,,,,,,99Q1=100,,,4,,4F0,,Australian dollar/Euro ECB reference exchange rate,"ECB reference exchange rate, Australian dollar/Euro, 2.15 pm (C.E.T.)",AUD,0
EXR.M.AUD.EUR.SP00.A,M,AUD,EUR,SP00,A,2026-06,1.6390545454545453,A,F,,,P1M,,A,,,,,,,99Q1=100,,,4,,4F0,,Australian dollar/Euro ECB reference exchange rate,"ECB reference exchange rate, Australian dollar/Euro, 2.15 pm (C.E.T.)",AUD,0
EXR.M.AUD.EUR.SP00.A,M,AUD,EUR,SP00,A,2026-07,1.6395695652173914,A,F,,,P1M,,A,,,,,,,99Q1=100,,,4,,4F0,,Australian dollar/Euro ECB reference exchange rate,"ECB reference exchange rate, Australian dollar/Euro, 2.15 pm (C.E.T.)",AUD,0
